,Rainfall_S_Piero,Rainfall_Mangona,Rainfall_S_Agata,Rainfall_Cavallina,Rainfall_Le_Croci,Temperature_Le_Croci,Lake_Level,Flow_Rate
2004-01-02,0.2,0.0,0.0,0.0,0.0,3.4625,251.3025,0.5
2004-01-07,4.6,6.6,3.8,5.6,7.8,4.6625,251.4725,0.5
2004-01-12,9.2,17.4,12.0,13.4,10.2,9.15,251.59,0.5
2004-01-17,46.800000000000004,89.80000000000001,46.8,61.8,43.0,5.4875,252.09500000000003,27.6
2004-01-22,0.2,2.2,0.6,1.2,1.8,2.825,251.84999999999997,6.875
2004-01-27,18.8,21.6,27.6,22.0,33.2,0.9375,251.7425,5.0375000000000005
2004-02-01,8.2,0.8,0.0,14.4,0.0,5.2875,251.73499999999999,5.1125
2004-02-06,4.4,9.6,8.0,6.0,5.2,8.8625,251.7575,6.125
2004-02-11,0.2,0.0,0.2,0.0,0.2,6.75,251.685,4.2250000000000005
2004-02-16,33.4,33.0,28.8,32.0,36.6,6.8125,251.685,4.325
2004-02-21,42.2,82.8,52.0,72.2,71.0,8.3,252.105,25.575
2004-02-26,29.799999999999997,31.799999999999997,28.6,46.0,36.599999999999994,2.575,251.99,11.5
2004-03-02,0.0,0.0,0.0,0.0,0.0,5.0375,251.9175,6.999999999999999
2004-03-07,6.8,13.600000000000001,8.799999999999999,9.2,13.8,3.1500000000000004,251.97000000000003,7.25
2004-03-12,0.0,0.0,0.0,0.2,0.0,8.525,251.93249999999998,7.049999999999999
2004-03-17,0.0,0.4,1.2,0.2,0.6,13.6875,251.84500000000003,5.25
2004-03-22,7.4,12.2,5.4,8.2,12.799999999999999,8.95,251.825,4.75
2004-03-27,0.0,0.0,0.0,0.0,0.0,9.85,251.7425,2.5999999999999996
2004-04-01,0.0,0.0,0.0,0.0,0.0,13.287500000000001,251.765,0.6
2004-04-06,21.0,21.4,19.6,25.4,34.2,10.3125,251.8575,0.6
2004-04-11,0.6,3.8000000000000003,5.4,1.4,2.8,9.450000000000001,251.9825,0.6
2004-04-16,32.2,37.8,33.800000000000004,34.4,41.8,11.55,252.06750000000002,7.425000000000001
2004-04-21,11.399999999999999,13.8,10.8,12.4,14.0,16.1125,252.08750000000003,8.35
2004-04-26,0.4,0.2,0.4,0.2,0.6,14.274999999999999,252.0525,5.0
2004-05-01,29.4,62.2,34.2,42.4,48.0,14.9625,252.0475,5.475
2004-05-06,33.4,46.4,39.4,43.8,50.800000000000004,9.5875,252.2225,29.825000000000003
2004-05-11,1.4,2.8,1.2,1.6,1.5999999999999999,13.9875,252.08,8.3
2004-05-16,0.0,0.0,0.0,0.0,0.0,16.537499999999998,252.06,6.624999999999999
2004-05-21,0.0,0.0,0.0,0.0,0.0,16.325,252.0375,4.175
2004-05-26,0.2,0.0,0.2,0.4,0.0,16.625,252.0275,3.0999999999999996
2004-05-31,24.0,28.4,21.4,23.400000000000002,29.599999999999998,16.5375,252.02,2.0
2004-06-05,16.0,4.2,6.800000000000001,6.6000000000000005,7.6000000000000005,18.375,252.0175,2.0
2004-06-10,0.0,1.2,0.2,0.4,0.0,21.7125,252.005,1.15
2004-06-15,0.0,1.2,2.0,0.0,0.0,19.475,251.98000000000002,0.6
2004-06-20,0.2,1.6,2.4,0.8,0.4,19.225,251.945,0.6
2004-06-25,0.0,0.0,0.0,0.0,0.0,21.974999999999998,251.895,0.6
2004-06-30,0.0,0.0,0.0,0.0,0.0,23.450000000000003,251.84500000000003,0.6
2004-07-05,0.0,0.0,0.0,0.0,0.0,23.7,251.76500000000001,0.9
2004-07-10,0.0,0.2,0.0,0.0,0.0,18.325,251.6225,1.75
2004-07-15,0.0,0.0,0.0,0.0,0.0,21.9375,251.435,2.0
2004-07-20,0.0,0.0,0.0,0.0,0.0,25.85,251.2275,2.5
2004-07-25,13.6,12.2,21.0,9.2,10.2,22.9125,251.0025,2.5
2004-07-30,0.0,0.0,0.0,0.0,0.0,24.3,250.7475,3.0
2004-08-04,20.6,24.400000000000002,10.2,16.6,27.599999999999998,23.225,250.475,2.75
2004-08-09,0.0,0.0,0.0,0.0,0.0,24.575000000000003,250.23499999999999,2.5
2004-08-14,0.0,0.0,0.0,0.0,0.0,23.5,249.98499999999999,2.75
2004-08-19,0.4,0.8,0.6,0.6,2.0,23.712500000000002,249.71,3.125
2004-08-24,0.0,0.4,0.4,2.2,1.0,21.9125,249.385,3.5
2004-08-29,0.0,0.0,0.0,0.0,0.0,21.4125,249.03750000000002,3.3499999999999996
2004-09-03,0.0,0.0,0.0,0.0,0.0,24.674999999999997,248.705,3.5
2004-09-08,0.0,0.0,0.0,0.0,0.0,21.937499999999996,248.35500000000002,3.5
2004-09-13,29.4,25.599999999999998,41.0,38.8,45.60000000000001,20.35,248.045,3.0
2004-09-18,0.2,0.0,0.2,0.0,0.0,19.0875,247.87,2.5
2004-09-23,21.8,23.4,22.4,29.0,20.0,17.725,247.6125,2.625
2004-09-28,2.4,0.8,3.2,2.0,4.8,16.2,247.3575,2.875
2004-10-03,0.4,1.0,0.2,0.2,0.2,18.0375,247.065,3.0
2004-10-08,17.8,21.0,6.199999999999999,14.2,21.6,18.799999999999997,246.8,2.125
2004-10-13,38.0,67.2,14.2,50.4,47.0,12.525,246.6325,1.375
2004-10-18,0.8,19.6,3.2,1.0,0.4,15.175,246.6525,0.6
2004-10-23,2.4,8.0,1.6,1.2,3.2,16.4625,246.62,0.6
2004-10-28,49.599999999999994,76.2,15.8,61.4,56.599999999999994,15.1,246.6425,0.6
2004-11-02,0.8,0.0,0.8,0.2,0.0,17.900000000000002,247.02999999999997,0.6
2004-11-07,33.0,34.0,29.0,34.2,35.4,8.137500000000001,247.02749999999997,0.6
2004-11-12,2.4,7.0,8.4,3.0,1.6,9.387500000000001,247.3,0.6
2004-11-17,0.2,0.0,0.0,0.4,0.4,9.5625,247.33499999999998,0.6
2004-11-22,1.4,1.0,1.2000000000000002,1.4000000000000001,1.5999999999999999,6.5,247.3075,0.6
2004-11-27,27.8,35.400000000000006,25.6,25.2,30.400000000000002,7.9875,247.30750000000003,0.6
2004-12-02,61.599999999999994,85.6,51.2,63.0,66.8,9.725,247.87750000000003,0.6
2004-12-07,2.0,2.8000000000000003,0.6,2.4,3.6000000000000005,11.187500000000002,248.79250000000002,0.6
2004-12-12,0.8,0.0,0.2,0.0,0.0,9.299999999999999,248.89749999999998,0.6
2004-12-17,5.6,6.6000000000000005,7.0,5.6000000000000005,10.4,5.55,248.95,0.6
2004-12-22,4.6,9.0,4.8,9.2,5.2,3.125,248.96,0.6
2004-12-27,11.6,25.4,14.6,19.8,19.0,6.937500000000001,249.56,0.6
2005-01-01,0.2,0.0,0.0,0.0,0.0,5.4875,249.8825,0.6
2005-01-06,0.4,0.2,0.4,0.2,0.2,7.0125,249.965,0.6
2005-01-11,0.4,0.2,0.4,0.2,0.4,6.8,250.0,0.6
2005-01-16,33.2,45.0,43.2,41.0,39.0,3.9000000000000004,250.06,0.6
2005-01-21,0.8,0.2,0.4,0.4,0.4,5.4,250.5075,0.6
2005-01-26,0.0,0.0,0.4,0.0,0.0,-0.35,250.6075,0.6
2005-01-31,0.0,0.0,0.0,0.0,0.0,3.7125000000000004,250.6325,0.6
2005-02-05,0.0,0.0,0.0,0.0,0.0,3.25,250.64999999999998,0.6
2005-02-10,2.2,1.6,3.8000000000000003,1.4,2.2,5.525,250.66,0.6
2005-02-15,0.0,0.0,0.0,0.0,0.0,3.9125,250.66,0.6
2005-02-20,25.6,10.200000000000001,14.8,22.999999999999996,22.6,2.1,250.665,0.6
2005-02-25,0.2,8.6,0.0,0.4,20.8,2.1625,250.705,0.6
2005-03-02,23.2,28.6,25.0,29.200000000000003,27.6,0.4125,250.73000000000002,0.6
2005-03-07,0.2,0.2,1.8,0.0,0.2,3.85,250.805,0.6
2005-03-12,11.8,17.0,16.0,17.0,17.0,8.412500000000001,251.155,0.6
2005-03-17,0.0,0.4,0.0,0.0,0.0,11.5875,251.5,0.6
2005-03-22,11.6,16.2,12.6,17.0,11.0,13.1375,251.61499999999998,0.6
2005-03-27,42.2,21.8,38.2,49.8,49.199999999999996,12.4625,252.04,12.3
2005-04-01,0.0,0.0,0.0,0.0,0.0,11.2125,252.0625,8.0
2005-04-06,10.600000000000001,12.6,10.0,8.2,6.6,12.600000000000001,252.05,5.675000000000001
2005-04-11,2.4,10.2,21.4,0.4,0.2,9.25,252.13500000000002,14.5
2005-04-16,19.4,31.4,17.6,25.0,26.4,9.6875,252.09,10.925
2005-04-21,6.0,3.4000000000000004,5.6,5.3999999999999995,9.0,11.2875,252.1625,18.3
2005-04-26,0.0,0.0,0.0,0.0,0.0,15.2375,252.0725,8.674999999999999
2005-05-01,0.0,0.0,0.0,0.0,0.0,18.825,252.0425,5.175000000000001
2005-05-06,0.0,0.0,0.0,0.0,0.0,16.175,252.035,3.7249999999999996
2005-05-11,5.3999999999999995,7.6000000000000005,7.3999999999999995,4.2,5.8,15.924999999999999,252.0325,3.15
2005-05-16,24.200000000000003,30.400000000000002,27.599999999999998,24.200000000000003,37.6,15.049999999999999,252.03750000000002,3.8749999999999996
2005-05-21,0.0,0.0,0.0,0.0,0.0,18.475,252.035,3.2
2005-05-26,0.0,0.0,0.0,0.0,0.0,22.2125,252.02,1.5
2005-05-31,0.0,0.0,0.0,0.0,0.0,21.7625,252.005,0.8250000000000001
2005-06-05,1.2,5.0,2.2,2.4,5.0,20.387500000000003,251.95999999999998,0.6
2005-06-10,0.0,0.0,0.0,0.0,0.0,15.325,251.895,0.6
2005-06-15,8.2,6.6000000000000005,18.2,3.4,13.0,20.8125,251.87,0.6
2005-06-20,0.0,0.0,0.0,0.0,0.0,24.074999999999996,251.8225,0.6
2005-06-25,0.0,0.0,0.0,0.0,0.0,25.287499999999998,251.765,0.6
2005-06-30,3.8000000000000003,9.2,3.8,5.4,0.6,23.3,251.69249999999997,0.6
2005-07-05,2.6,19.4,7.800000000000001,3.2,5.0,22.212500000000002,251.61,1.2
2005-07-10,9.6,5.6,18.8,10.2,17.6,20.474999999999998,251.5025,1.2
2005-07-15,0.0,0.4,0.0,0.0,0.4,23.7875,251.3925,1.2
2005-07-20,1.0,0.8,10.4,0.0,0.0,23.4375,251.24,2.0
2005-07-25,0.0,0.0,0.0,0.0,0.0,25.0125,251.0425,2.0
2005-07-30,0.0,2.2,0.0,0.0,0.0,25.3,250.84499999999997,2.125
2005-08-04,1.0,1.4,0.8,3.2,4.2,21.1,250.625,2.5
2005-08-09,8.0,23.4,11.6,6.6000000000000005,10.8,21.3,250.3775,2.375
2005-08-14,26.0,1.4,20.0,16.4,15.8,20.362499999999997,250.18999999999997,2.0
2005-08-19,14.399999999999999,14.8,31.2,13.0,23.2,20.75,249.9875,2.5
2005-08-24,2.8,2.2,1.6,3.4,0.4,20.675,249.76749999999998,2.5
2005-08-29,0.0,0.0,0.0,0.0,0.0,26.387500000000003,249.5975,2.5
2005-09-03,0.0,0.0,0.0,0.4,0.8,23.0125,249.35999999999999,2.5
2005-09-08,46.6,31.2,43.8,38.2,43.4,19.0375,249.155,2.5
2005-09-13,0.2,0.0,0.0,0.0,0.0,19.925,248.96,2.5
2005-09-18,20.599999999999998,22.4,19.2,18.599999999999998,21.0,15.6375,248.76749999999998,2.5
2005-09-23,0.2,0.0,0.2,0.0,0.0,17.4375,248.5325,2.375
2005-09-28,1.0,1.0,0.2,0.2,0.8,17.725,248.3725,0.875
2005-10-03,28.4,36.4,30.4,31.8,26.200000000000003,13.162500000000001,248.3875,0.5
2005-10-08,6.6,17.2,21.4,10.0,17.4,15.425,248.45000000000002,0.5
2005-10-13,0.4,0.0,0.2,0.0,0.0,15.274999999999999,248.4375,0.5
2005-10-18,71.0,69.8,62.0,68.0,77.4,12.987499999999999,248.56,0.5
2005-10-23,0.4,0.4,0.0,0.0,0.2,16.65,248.7775,0.6
2005-10-28,0.8,1.0,0.8,0.2,0.4,13.975,248.75,0.6
2005-11-02,23.2,36.4,30.8,21.0,17.8,14.525,248.76,0.6
2005-11-07,0.8,0.2,0.4,0.2,0.6000000000000001,13.3,249.61499999999998,0.6
2005-11-12,6.0,6.4,7.2,7.2,7.6,11.287500000000001,249.6825,0.6
2005-11-17,4.800000000000001,5.8,5.6000000000000005,5.2,6.4,7.5375000000000005,249.70499999999998,0.6
2005-11-22,20.2,49.0,34.6,50.0,37.6,1.9625,249.67999999999998,0.6
2005-11-27,40.0,49.2,43.0,46.8,50.2,4.199999999999999,251.0725,1.925
2005-12-02,53.199999999999996,49.0,43.8,44.8,50.8,7.475,251.7225,6.9
2005-12-07,16.4,21.6,25.200000000000003,13.399999999999999,19.2,4.449999999999999,252.10000000000002,19.200000000000003
2005-12-12,8.0,9.6,7.2,10.8,19.6,4.9625,251.96500000000003,7.849999999999999
2005-12-17,4.6000000000000005,3.5999999999999996,5.4,2.4,3.6,2.4749999999999996,251.885,4.2
2005-12-22,14.200000000000001,14.0,13.6,14.8,21.4,3.0749999999999997,251.8425,4.0
2005-12-27,10.6,10.0,8.8,7.799999999999999,12.6,1.8375,251.96999999999997,5.475
2006-01-01,19.799999999999997,19.8,17.799999999999997,13.0,18.6,5.475,252.1,17.525000000000002
2006-01-06,0.2,0.0,0.0,0.0,0.0,4.775,251.8775,5.65
2006-01-11,0.2,0.0,0.0,0.0,0.0,5.3875,251.7975,3.4749999999999996
2006-01-16,65.6,70.8,49.8,58.4,95.60000000000001,3.6375,252.00750000000002,20.35
2006-01-21,0.4,2.0,1.2,0.8,1.2,3.825,251.92,7.1000000000000005
2006-01-26,7.2,22.6,6.800000000000001,10.800000000000002,11.799999999999999,3.7624999999999997,251.7775,4.55
2006-01-31,0.0,0.0,0.0,0.0,0.0,10.5875,251.72750000000002,4.0
2006-02-05,3.8,3.8,2.8,2.6,4.8,3.7749999999999995,251.64,2.7
2006-02-10,0.2,0.0,0.2,0.2,0.0,4.5,251.615,2.5
2006-02-15,18.2,40.8,17.6,20.0,34.8,7.6625,251.7125,3.6499999999999995
2006-02-20,36.6,50.199999999999996,38.6,32.6,38.2,7.674999999999999,251.935,7.825
2006-02-25,3.2,0.2,0.8,1.7999999999999998,1.4,4.825,251.85500000000002,6.3500000000000005
2006-03-02,47.4,46.400000000000006,38.0,63.400000000000006,58.0,6.4,251.87,9.125
2006-03-07,18.6,27.400000000000002,21.6,21.0,19.2,5.0375,251.9525,10.5
2006-03-12,0.2,0.2,1.0,0.0,0.0,5.2749999999999995,251.9525,7.8999999999999995
2006-03-17,1.8,1.0,1.4,1.2,2.0,7.575,251.87,4.025
2006-03-22,13.0,10.6,13.200000000000001,11.8,14.6,9.299999999999999,252.0025,7.125000000000001
2006-03-27,0.0,1.6,1.0,0.2,1.4,12.212499999999999,252.0075,5.6
2006-04-01,0.2,8.8,2.8,0.4,2.2,13.7625,251.975,2.025
2006-04-06,1.8,6.8,1.0,0.6,2.4,10.774999999999999,252.04500000000002,4.45
2006-04-11,2.6000000000000005,3.2,2.2,1.4,5.0,11.275000000000002,252.05,5.0
2006-04-16,1.2000000000000002,3.4,1.9999999999999998,0.8,3.4,13.9625,252.05,5.0
2006-04-21,5.6000000000000005,8.0,1.6,0.0,0.2,15.362499999999999,252.05,5.0
2006-04-26,12.6,24.2,15.4,7.8,7.8,16.4375,252.05,5.0
2006-05-01,0.6,1.4,0.0,0.4,0.6000000000000001,15.4875,252.05,5.0
2006-05-06,42.0,30.8,45.0,54.6,57.4,15.512500000000001,252.055,6.675
2006-05-11,5.4,7.4,7.4,3.6,9.2,15.7,252.0675,7.275
2006-05-16,0.0,0.0,0.0,0.0,0.0,18.887500000000003,252.03,3.0
2006-05-21,12.4,14.8,12.6,8.0,13.4,18.8125,252.0025,0.6
2006-05-26,0.0,0.0,0.0,0.0,0.0,18.9,251.99,0.6
2006-05-31,2.6,3.8000000000000003,11.200000000000001,1.8,7.0,12.0125,251.995,0.6
2006-06-05,11.200000000000001,8.0,30.0,1.4,7.6,15.5125,251.975,0.6
2006-06-10,3.4,1.2,0.8,0.2,1.8,17.425,251.945,0.6
2006-06-15,0.0,0.0,0.0,0.0,0.0,20.7375,251.895,0.6
2006-06-20,0.0,0.0,0.0,0.0,0.0,24.0375,251.85000000000002,0.6
2006-06-25,0.0,0.0,0.0,0.0,0.0,26.25,251.805,0.6
2006-06-30,0.0,0.0,0.0,0.0,0.0,25.5875,251.72000000000003,1.125
2006-07-05,9.0,11.200000000000001,9.4,12.6,13.0,23.4,251.60000000000002,1.5
2006-07-10,0.0,0.0,0.0,0.0,0.0,26.174999999999997,251.47500000000002,1.625
2006-07-15,0.0,0.0,0.0,0.0,0.0,25.975,251.2875,2.125
2006-07-20,0.0,3.8,0.0,0.0,0.0,27.025,251.0575,2.5
2006-07-25,1.6,4.6,0.4,3.4,1.2,26.8125,250.83999999999997,2.5
2006-07-30,0.0,3.6,0.8,0.0,0.0,25.5875,250.59999999999997,2.5
2006-08-04,0.0,0.2,0.0,0.0,0.0,20.2625,250.3525,2.5
2006-08-09,29.2,110.19999999999999,38.0,21.4,27.8,21.025,250.11,2.5
2006-08-14,11.2,10.0,15.0,11.0,16.0,20.1125,249.9825,2.5
2006-08-19,1.5999999999999999,0.4,1.6,0.2,1.2,22.225,249.77,2.5
2006-08-24,4.4,6.6,4.8,3.4,6.2,21.025,249.55,2.5
2006-08-29,10.2,3.5999999999999996,6.4,3.8,12.4,19.0125,249.3275,2.5
2006-09-03,0.0,0.0,0.0,0.0,0.0,21.55,249.08499999999998,2.625
2006-09-08,1.4,5.4,2.6,0.0,0.0,23.0,248.81,3.0
2006-09-13,59.199999999999996,117.19999999999999,82.6,50.0,73.80000000000001,21.375,248.52,3.5
2006-09-18,0.2,0.6000000000000001,1.2,0.0,0.0,18.962500000000002,248.5025,2.4
2006-09-23,3.8,15.0,8.6,4.8,10.2,19.5375,248.2775,2.5
2006-09-28,0.0,0.0,0.0,0.0,0.0,18.625,248.05,2.45
2006-10-03,0.0,0.0,0.0,0.0,0.0,18.7,247.845,2.4
2006-10-08,0.4,0.0,0.2,0.0,0.0,17.0,247.625,2.4
2006-10-13,0.2,0.0,0.0,0.0,0.0,17.0125,247.3825,2.4
2006-10-18,28.8,31.599999999999998,25.8,27.400000000000002,30.200000000000003,13.737499999999999,247.16,2.4
2006-10-23,0.2,1.4,0.0,0.0,0.8,17.4375,246.9825,2.4
2006-10-28,0.4,0.0,0.2,0.0,0.2,16.962500000000002,246.73999999999998,2.4
2006-11-02,0.0,1.0,0.2,0.0,0.0,7.762499999999999,246.4875,2.4
2006-11-07,0.2,1.4,0.6000000000000001,0.0,1.0,12.3625,246.275,1.5
2006-11-12,3.2,14.2,3.8000000000000003,2.2,5.2,11.0375,246.13000000000002,1.5
2006-11-17,36.8,43.6,40.4,28.2,45.800000000000004,13.200000000000001,246.0125,1.75
2006-11-22,14.199999999999998,19.6,22.2,15.799999999999999,20.2,9.2,246.48,2.5
2006-11-27,1.0,0.2,0.6000000000000001,0.2,0.4,10.9375,246.35,2.5
2006-12-02,9.0,19.400000000000002,13.0,7.0,16.999999999999996,9.7625,246.1525,2.45
2006-12-07,62.0,81.8,50.800000000000004,44.400000000000006,61.2,12.1375,246.425,2.4
2006-12-12,0.4,0.0,0.2,0.0,0.2,7.949999999999999,247.13,2.4
2006-12-17,2.4000000000000004,3.4,1.2,0.0,0.6000000000000001,8.200000000000001,247.0075,2.4
2006-12-22,0.0,0.0,0.0,0.0,0.0,6.75,246.82,2.4
2006-12-27,2.2,3.4,2.6,2.2,5.0,6.125,246.6225,2.4
2007-01-01,9.399999999999999,31.400000000000002,11.0,7.6,22.0,9.325,246.59,1.35
2007-01-06,18.2,13.8,11.2,9.6,32.4,8.625,246.6825,1.0
2007-01-11,0.2,0.6000000000000001,0.2,0.0,0.4,10.075,246.78,1.0
2007-01-16,0.2,6.8,0.8,0.2,2.0,10.225,246.7875,0.7000000000000001
2007-01-21,23.0,43.4,21.4,32.8,33.8,11.350000000000001,246.82750000000001,0.6
2007-01-26,0.2,0.0,0.4,0.2,0.4,4.0625,247.40750000000003,0.9750000000000001
2007-01-31,0.4,0.0,0.0,0.0,0.0,7.699999999999999,247.53999999999996,0.6
2007-02-05,36.6,54.6,25.8,28.6,56.2,7.8875,247.6725,0.6
2007-02-10,26.2,44.8,29.6,34.0,39.2,9.975,248.6325,0.6
2007-02-15,5.6000000000000005,9.6,7.2,10.799999999999999,15.799999999999999,9.55,249.59,0.6
2007-02-20,5.0,2.0,5.0,1.6,2.4000000000000004,10.0,249.85999999999999,0.6
2007-02-25,24.4,41.2,23.6,25.599999999999998,43.0,9.7625,250.3325,1.8
2007-03-02,0.0,0.4,0.2,0.0,0.4,12.924999999999999,250.5575,2.2
2007-03-07,6.6000000000000005,11.4,1.8,8.8,13.2,11.149999999999999,250.57500000000002,1.8
2007-03-12,0.0,0.0,0.0,0.0,0.0,13.2375,250.625,0.6
2007-03-17,25.799999999999997,35.0,26.200000000000003,32.6,35.400000000000006,11.65,250.6875,0.75
2007-03-22,2.6,4.0,1.2,0.4,2.0,7.1625,250.98,2.2
2007-03-27,9.0,21.4,13.2,12.4,13.0,8.9375,251.0525,2.3000000000000003
2007-04-01,1.4,10.399999999999999,0.4,0.0,1.8,13.774999999999999,251.135,2.2
2007-04-06,0.0,0.0,0.0,0.0,0.0,13.424999999999999,251.115,2.2
2007-04-11,0.0,0.0,0.0,0.0,0.0,18.049999999999997,251.0925,0.6
2007-04-16,0.0,0.0,0.0,0.0,0.0,17.85,251.11,0.6
2007-04-21,0.0,0.0,0.0,0.0,0.0,18.8,251.11,0.6
2007-04-26,0.0,0.0,0.0,0.0,0.0,17.675,251.09500000000003,0.6
2007-05-01,29.2,47.2,32.2,37.2,53.2,14.9875,251.06,0.6
2007-05-06,4.6,1.4,0.2,0.2,0.2,15.7,251.14749999999998,0.6
2007-05-11,0.0,0.0,0.0,0.0,0.0,19.25,251.135,0.6
2007-05-16,0.0,0.0,0.0,0.0,0.0,15.8,251.08499999999998,0.6
2007-05-21,0.0,0.0,0.0,0.0,1.4,22.4875,251.035,0.6
2007-05-26,23.8,29.400000000000002,17.8,27.799999999999997,32.2,18.825,250.995,0.6
2007-05-31,16.200000000000003,20.799999999999997,24.8,25.8,47.2,15.5375,250.9975,0.6
2007-06-05,28.0,15.6,19.6,21.400000000000002,9.0,19.2875,251.01,0.6
2007-06-10,0.0,0.8,0.0,0.0,0.0,20.9375,250.9925,0.6
2007-06-15,1.6,0.0,11.6,0.0,1.8,21.712500000000002,250.9475,0.6
2007-06-20,0.0,0.0,0.0,0.0,0.0,24.325000000000003,250.9025,0.6
2007-06-25,0.2,0.0,0.0,0.0,0.0,21.487499999999997,250.8225,0.6
2007-06-30,0.0,0.0,0.0,0.0,0.0,21.5125,250.74,1.125
2007-07-05,0.0,0.0,0.0,0.0,0.0,20.4375,250.565,1.7
2007-07-10,0.6,3.8,1.2,0.0,0.0,20.3125,250.4025,1.65
2007-07-15,0.0,0.0,0.0,0.0,0.0,26.337500000000002,250.2175,2.0
2007-07-20,0.0,0.0,0.0,0.0,0.0,25.912499999999998,249.9975,2.5
2007-07-25,0.0,0.0,0.0,0.0,0.0,24.35,249.755,2.5
2007-07-30,0.0,0.0,0.0,0.0,0.0,23.6875,249.505,2.625
2007-08-04,0.0,0.0,0.0,0.0,0.0,22.9125,249.2225,2.8
2007-08-09,2.5999999999999996,3.0,3.4,5.0,6.4,20.3625,248.98499999999999,2.8
2007-08-14,0.0,0.0,0.0,0.0,0.0,22.675,248.73,2.8
2007-08-19,19.400000000000002,23.8,22.799999999999997,24.2,23.0,19.675,248.4925,2.8
2007-08-24,0.6000000000000001,0.2,0.4,0.2,0.4,22.775,248.29500000000002,2.8
2007-08-29,0.8,0.0,0.0,0.0,0.0,23.9125,248.03750000000002,2.8
2007-09-03,23.0,4.0,14.8,15.2,35.6,16.950000000000003,247.78,2.7249999999999996
2007-09-08,0.0,0.0,0.0,0.0,0.0,19.362499999999997,247.53000000000003,2.7
2007-09-13,0.0,0.2,0.0,0.0,3.8,20.125,247.2475,2.9749999999999996
2007-09-18,18.599999999999998,10.2,18.6,10.0,25.2,18.7875,247.02499999999998,2.7
2007-09-23,2.8,2.8,1.4,3.4,6.4,19.325,246.76999999999998,2.7
2007-09-28,14.799999999999999,12.4,12.0,10.8,18.0,15.087499999999999,246.65,1.6475
2007-10-03,3.2,1.4,2.0,0.2,2.0,19.975,246.48,2.0
2007-10-08,0.0,0.0,0.0,0.0,0.0,16.512500000000003,246.2725,2.0
2007-10-13,0.0,0.0,0.0,0.0,0.0,15.625,246.04500000000002,2.4124999999999996
2007-10-18,6.8,14.2,15.6,2.4,5.6,11.5,245.79000000000002,2.6
2007-10-23,38.8,66.6,34.4,32.2,44.8,10.7375,245.5725,2.01
2007-10-28,22.4,30.4,23.0,20.0,26.2,13.7375,245.4975,1.5
2007-11-02,0.2,0.0,0.0,0.0,0.0,12.5375,245.415,1.4725
2007-11-07,7.0,12.4,9.0,3.0,6.6,10.3125,245.27,1.5
2007-11-12,9.799999999999999,8.2,10.399999999999999,6.8,12.8,10.325,245.1225,1.5675
2007-11-17,0.2,0.0,0.0,0.0,0.0,4.7250000000000005,244.965,1.5
2007-11-22,12.600000000000001,26.200000000000003,13.8,13.799999999999999,17.4,12.325,244.83249999999998,1.5
2007-11-27,0.4,0.0,0.2,0.0,0.2,10.0,244.7175,1.5
2007-12-02,12.2,24.8,10.4,15.600000000000001,17.8,12.4625,244.6375,1.5
2007-12-07,44.400000000000006,56.599999999999994,61.0,34.2,51.6,6.3500000000000005,244.7725,1.5
2007-12-12,0.2,0.4,0.2,0.0,0.2,7.0,244.96499999999997,1.5
2007-12-17,0.0,0.0,0.2,0.0,0.0,3.125,244.8725,0.9
2007-12-22,5.6000000000000005,2.8000000000000003,4.800000000000001,3.8,7.199999999999999,5.975,244.84,0.6
2007-12-27,0.2,0.0,0.0,0.0,0.0,6.0625,244.8075,0.6
2008-01-01,10.399999999999999,7.800000000000001,8.2,7.2,11.799999999999999,4.625,244.765,0.6
2008-01-06,15.4,15.200000000000001,13.4,8.4,17.0,8.3375,245.04749999999999,0.6
2008-01-11,42.6,33.800000000000004,42.800000000000004,23.999999999999996,41.8,8.375,245.48250000000002,0.6
2008-01-16,34.800000000000004,44.0,35.0,31.200000000000003,42.199999999999996,6.9,246.8275,0.6
2008-01-21,0.6000000000000001,0.0,0.4,0.0,2.2,8.0375,247.42000000000002,0.6
2008-01-26,0.4,0.0,0.0,0.0,0.0,8.850000000000001,247.485,0.6
2008-01-31,24.599999999999998,33.8,19.6,19.4,27.2,8.2125,247.53500000000003,0.6
2008-02-05,0.2,0.0,0.2,0.2,0.6000000000000001,8.200000000000001,248.04250000000002,0.6
2008-02-10,0.0,0.0,0.0,0.0,0.0,6.2875,248.19,0.6
2008-02-15,0.0,0.0,0.0,0.0,0.0,4.4375,248.2225,0.6
2008-02-20,0.0,0.0,0.0,0.0,0.0,8.4125,248.2475,0.6
2008-02-25,3.4,2.2,4.8,1.2,8.799999999999999,10.8875,248.25,0.6
2008-03-01,7.0,7.6,7.800000000000001,4.6,11.8,12.424999999999999,248.25,0.6
2008-03-06,1.2,1.7999999999999998,7.4,0.2,0.8,4.95,248.2775,0.6
2008-03-11,3.8,5.8,3.8,4.0,9.6,10.5625,248.37249999999997,0.6
2008-03-16,4.4,10.0,7.8,1.2,12.6,10.762500000000001,248.445,0.6
2008-03-21,45.6,40.99999999999999,35.6,55.20000000000001,60.2,6.4625,248.8175,0.6
2008-03-26,10.4,9.2,8.6,7.800000000000001,9.8,8.612499999999999,249.3075,0.6
2008-03-31,0.0,0.0,0.0,0.0,0.2,14.900000000000002,249.4575,0.6
2008-04-05,0.6,2.4000000000000004,0.6000000000000001,0.6,0.6,11.4375,249.5125,0.6
2008-04-10,17.799999999999997,33.8,15.200000000000001,13.0,21.999999999999996,13.462499999999999,249.6775,0.6
2008-04-15,32.0,38.599999999999994,25.799999999999997,25.4,35.2,11.2875,249.9075,0.6
2008-04-20,18.4,21.8,16.599999999999998,25.0,33.599999999999994,13.1125,250.77,0.6
2008-04-25,0.0,0.2,0.0,0.0,0.0,15.1125,251.2,0.6
2008-04-30,4.0,1.6,2.4,0.6,1.2,14.450000000000001,251.3375,0.6
2008-05-05,0.0,0.0,1.0,0.0,0.0,16.05,251.3825,0.6
2008-05-10,0.0,0.0,0.0,0.0,0.0,19.075,251.3975,0.835
2008-05-15,7.200000000000001,13.8,7.4,4.6,10.4,17.4,251.35750000000002,0.8350000000000001
2008-05-20,39.4,47.2,44.6,27.0,23.6,16.2375,251.41749999999996,2.0625
2008-05-25,0.0,0.0,0.0,0.0,0.2,21.25,251.39249999999998,1.425
2008-05-30,6.6,10.4,10.200000000000001,12.6,16.6,18.95,251.42000000000002,0.7175
2008-06-04,8.2,3.4,13.0,6.4,2.4,18.2625,251.43499999999997,0.9525
2008-06-09,2.6,6.4,3.4000000000000004,10.6,6.0,19.775,251.4475,1.07
2008-06-14,7.0,33.6,8.399999999999999,7.6,20.8,16.887500000000003,251.5,1.15
2008-06-19,0.0,0.0,0.0,0.0,0.0,23.075000000000003,251.565,1.74
2008-06-24,0.0,0.0,0.0,0.0,0.0,24.6875,251.48250000000002,0.9525000000000001
2008-06-29,0.0,0.2,0.0,0.0,0.2,25.762499999999996,251.42499999999998,1.03
2008-07-04,0.0,0.0,0.0,0.0,0.2,23.5125,251.315,1.5
2008-07-09,0.0,0.0,0.0,0.0,0.0,21.975,251.165,1.66
2008-07-14,0.0,0.0,0.0,0.0,0.0,21.2375,250.99,2.0
2008-07-19,0.0,0.0,0.0,0.0,0.0,22.862500000000004,251.055,2.0
2008-07-24,0.0,0.0,0.0,0.0,0.0,22.375,250.61,2.0
2008-07-29,1.8,0.6,0.0,0.0,0.0,26.125,250.42,2.32
2008-08-03,4.6,0.2,1.8,5.8,9.2,25.5625,250.195,2.5
2008-08-08,0.0,0.0,0.0,0.0,0.0,24.25,249.9625,2.5
2008-08-13,9.8,24.4,13.799999999999999,15.0,14.0,24.5,249.705,3.0
2008-08-18,0.0,0.0,0.0,0.0,0.0,22.0875,249.43,3.0
2008-08-23,6.0,0.0,2.0,4.4,9.8,23.1625,249.14749999999998,3.0
2008-08-28,0.0,0.0,0.0,0.0,0.0,23.975,248.855,3.0
2008-09-02,0.0,0.0,0.0,0.0,0.2,23.45,248.565,3.0
2008-09-07,0.0,0.0,0.0,0.0,0.0,23.200000000000003,248.27750000000003,3.0
2008-09-12,26.599999999999998,32.2,37.6,35.400000000000006,25.8,20.4375,248.00750000000002,2.9525
2008-09-17,3.4,4.4,4.2,2.4,3.4,16.0875,247.7575,2.7
2008-09-22,0.0,0.0,1.0,0.0,0.0,15.175,247.4875,2.74
2008-09-27,0.0,0.4,0.2,0.0,0.0,13.912500000000001,247.185,3.0
2008-10-02,7.6000000000000005,14.8,16.0,11.0,10.8,14.125000000000002,246.925,2.5
2008-10-07,0.2,0.0,0.0,0.0,0.8,16.6875,246.6875,2.5
2008-10-12,0.0,0.0,0.0,0.0,0.0,18.075000000000003,246.435,2.5
2008-10-17,0.0,3.2,0.0,0.0,0.0,17.325,246.21,2.045
2008-10-22,0.4,0.2,0.6000000000000001,0.0,0.0,17.125,246.01,2.0
2008-10-27,36.800000000000004,91.60000000000001,42.199999999999996,38.0,33.8,15.2625,245.885,0.9625
2008-11-01,32.0,37.6,31.799999999999997,29.6,28.400000000000002,15.637500000000001,246.065,1.0
2008-11-06,6.6000000000000005,14.200000000000001,3.4,6.4,2.2,12.875,246.1125,1.0
2008-11-11,40.0,56.599999999999994,43.4,42.2,47.4,11.55,246.16,1.0
2008-11-16,0.0,0.0,0.0,0.0,0.0,11.5,246.38,1.0
2008-11-21,15.200000000000001,12.6,15.2,15.8,18.6,8.0375,246.3175,1.0
2008-11-26,36.8,68.80000000000001,39.0,42.8,44.8,6.0625,246.38750000000002,1.0
2008-12-01,39.599999999999994,58.599999999999994,38.4,45.0,40.2,6.3999999999999995,248.845,0.6375000000000001
2008-12-06,2.1999999999999997,3.8000000000000003,5.2,4.6,3.8000000000000003,6.875,250.5275,3.865
2008-12-11,22.999999999999996,20.8,17.400000000000002,18.0,27.599999999999998,8.549999999999999,250.9875,6.334999999999999
2008-12-16,4.6000000000000005,11.999999999999998,9.2,6.4,8.4,7.1625,251.1525,2.8
2008-12-21,1.4000000000000001,0.0,0.8,0.2,0.8,5.975,251.2225,2.8
2008-12-26,0.6000000000000001,0.4,5.0,0.0,0.0,2.6250000000000004,251.1425,2.8
2008-12-31,12.0,18.4,13.399999999999999,15.200000000000001,15.399999999999999,3.7249999999999996,251.0525,2.9299999999999997
2009-01-05,14.799999999999999,16.4,13.8,12.4,18.8,3.3874999999999997,250.92749999999998,3.61
2009-01-10,0.2,0.0,0.8,0.0,2.2,7.2125,250.85750000000002,2.89
2009-01-15,8.2,10.399999999999999,5.6,5.6,9.799999999999999,5.8625,250.8425,2.0
2009-01-20,31.0,52.0,23.8,23.0,35.599999999999994,7.925,251.47250000000003,5.4575
2009-01-25,11.6,11.8,11.8,9.6,10.6,5.5625,251.94,7.430000000000001
2009-01-30,39.6,46.2,37.6,39.199999999999996,43.6,6.9125000000000005,251.8475,5.46
2009-02-04,39.199999999999996,44.4,40.0,24.6,40.0,8.837499999999999,252.2175,17.377499999999998
2009-02-09,6.2,14.4,6.6,6.4,7.2,7.25,252.09250000000003,10.180000000000001
2009-02-14,0.0,0.0,0.0,0.0,0.0,3.25,251.915,6.3
2009-02-19,0.0,0.0,0.0,0.0,0.0,5.075,251.615,5.22
2009-02-24,0.0,1.5999999999999999,0.6,0.0,0.2,7.1875,251.46750000000003,3.1624999999999996
2009-03-01,48.8,45.6,41.8,41.0,54.599999999999994,9.425,251.26250000000002,3.8249999999999997
2009-03-06,0.0,0.0,0.4,0.2,0.0,9.5,251.92999999999998,6.0825000000000005
2009-03-11,0.2,0.0,0.0,0.0,0.0,9.9,251.7325,5.8
2009-03-16,0.0,1.6,0.2,0.0,4.2,13.212499999999999,251.47500000000002,3.08
2009-03-21,2.0,3.6,6.2,0.4,2.6,7.9625,251.33999999999997,2.2725
2009-03-26,64.6,84.0,62.6,77.0,88.39999999999999,10.9,251.27,3.3249999999999997
2009-03-31,25.999999999999996,37.2,24.4,27.799999999999997,36.400000000000006,12.75,252.17,16.175
2009-04-05,0.2,0.2,0.2,0.0,0.0,14.900000000000002,251.9775,6.55
2009-04-10,2.6,0.0,1.0,0.2,2.8000000000000003,16.925000000000004,251.6775,5.9174999999999995
2009-04-15,17.0,23.200000000000003,11.6,9.8,29.6,14.774999999999999,251.45,5.2625
2009-04-20,7.4,0.6,3.4000000000000004,0.6,12.6,14.925,251.24,3.0875000000000004
2009-04-25,10.799999999999999,17.0,17.0,6.4,11.600000000000001,15.1875,251.1275,2.4549999999999996
2009-04-30,5.800000000000001,3.0,8.6,0.2,4.0,14.612499999999999,251.20250000000001,0.6
2009-05-05,0.2,0.2,0.6,0.0,0.0,15.8125,251.2625,0.6
2009-05-10,0.0,0.0,0.0,0.0,0.0,18.675,251.2775,0.6
2009-05-15,0.0,0.0,0.0,0.0,0.2,20.175,251.28,0.6
2009-05-20,0.0,0.0,0.0,0.0,0.0,21.8125,251.255,0.6
2009-05-25,0.0,0.4,0.6,0.0,1.0,23.662499999999998,251.21249999999998,0.6
2009-05-30,12.0,13.8,8.2,11.6,24.4,17.6125,251.17,0.6
2009-06-04,3.0,4.4,6.800000000000001,2.6,8.8,20.3125,251.1425,0.6
2009-06-09,0.0,0.0,0.0,0.0,0.0,20.049999999999997,251.10500000000002,0.6
2009-06-14,0.0,0.0,0.0,0.0,0.0,24.0125,251.055,0.6
2009-06-19,8.4,2.6,5.8,0.0,4.0,21.625,251.005,0.6
2009-06-24,3.2,4.2,18.400000000000002,2.4,2.0,20.1625,250.93749999999997,0.6
2009-06-29,0.8,19.0,4.4,0.2,3.8000000000000003,23.7875,250.885,0.6
2009-07-04,5.4,25.2,2.6,11.2,9.4,24.112499999999997,250.8375,0.6
2009-07-09,2.4000000000000004,3.2,2.0,0.0,0.6,21.1625,250.76000000000002,1.1724999999999999
2009-07-14,0.0,0.0,0.0,0.0,0.0,26.1375,250.625,1.5
2009-07-19,0.0,0.0,0.0,0.0,0.0,21.7625,250.46,1.5
2009-07-24,0.0,0.0,0.0,0.0,0.0,26.5,250.295,1.94
2009-07-29,0.0,0.0,0.0,0.0,0.0,26.837500000000002,250.08999999999997,2.0
2009-08-03,6.6000000000000005,0.0,4.6,3.8000000000000003,2.8,23.775000000000002,249.8775,2.4525
2009-08-08,12.2,0.2,11.6,1.0,6.2,25.6,249.63,2.5
2009-08-13,0.0,0.0,0.0,0.0,0.0,26.2,249.3875,2.6975
2009-08-18,0.0,0.0,0.0,0.0,0.0,28.2375,249.1475,2.33
2009-08-23,0.0,0.0,0.0,0.0,0.0,27.175000000000004,248.8875,2.8
2009-08-28,0.0,0.0,0.0,0.0,0.0,25.025,248.6075,2.7874999999999996
2009-09-02,0.0,0.0,0.0,0.0,0.0,24.8,248.3275,2.75
2009-09-07,0.0,0.0,0.0,0.0,0.0,20.5875,248.02750000000003,2.89
2009-09-12,15.799999999999999,1.2,20.0,20.0,27.799999999999997,20.137499999999996,247.7425,2.7
2009-09-17,15.0,31.4,27.4,8.6,32.2,20.3375,247.51999999999998,2.955
2009-09-22,0.0,0.0,0.0,0.0,0.0,21.987499999999997,247.26,3.0
2009-09-27,0.0,0.0,0.0,0.0,0.0,20.775000000000002,246.965,3.0
2009-10-02,0.0,0.0,0.6000000000000001,0.0,0.8,19.1125,246.67,3.0
2009-10-07,1.6,0.0,3.2,2.2,7.6000000000000005,19.15,246.3725,2.8275
2009-10-12,12.2,0.0,7.8,3.6,18.2,13.8125,246.1025,2.5
2009-10-17,0.0,0.0,0.0,0.0,0.0,10.5625,245.82999999999998,2.5
2009-10-22,23.8,0.0,31.0,13.0,20.2,13.3375,245.60250000000002,2.1875
2009-10-27,0.4,0.0,0.0,0.0,0.0,15.887500000000001,245.42999999999998,1.5
2009-11-01,25.0,51.8,27.6,27.0,36.0,10.2125,245.2975,0.905
2009-11-06,33.0,36.199999999999996,33.8,37.6,43.39999999999999,8.825,245.335,0.6
2009-11-11,0.4,2.2,0.4,0.2,1.4,8.6375,245.385,0.6
2009-11-16,0.4,0.2,0.6000000000000001,0.0,0.2,13.475,245.34500000000003,0.6
2009-11-21,0.4,1.2000000000000002,0.0,0.0,0.0,12.9875,245.2875,0.6
2009-11-26,8.200000000000001,13.799999999999999,8.799999999999999,5.0,7.4,13.087499999999999,245.245,0.6
2009-12-01,38.2,35.0,29.200000000000003,30.6,39.4,7.125000000000001,245.5475,0.6
2009-12-06,17.599999999999998,31.400000000000002,14.8,12.0,21.0,8.6125,245.88,0.6
2009-12-11,0.4,0.0,1.6,0.0,2.2,7.775,246.0875,0.6
2009-12-16,5.0,1.0,3.0,1.2000000000000002,6.4,1.0999999999999999,246.1,0.6
2009-12-21,147.4,214.6,150.2,154.4,143.2,7.0625,247.54500000000002,0.8225
2009-12-26,15.8,18.6,14.6,16.2,22.6,7.9375,251.57250000000002,8.325
2009-12-31,40.800000000000004,48.599999999999994,47.4,49.400000000000006,86.4,8.45,251.70000000000002,20.65
2010-01-05,56.60000000000001,47.8,42.8,35.4,56.0,5.5,251.60500000000002,6.022499999999999
2010-01-10,14.0,21.6,8.399999999999999,12.6,17.599999999999998,4.575,252.10750000000002,12.600000000000001
2010-01-15,0.2,0.0,0.0,0.0,0.0,4.949999999999999,251.885,5.7
2010-01-20,0.4,0.0,0.2,0.0,0.2,4.2250000000000005,251.6025,4.6875
2010-01-25,0.2,0.8,0.6,0.0,0.0,2.5249999999999995,251.4475,2.8
2010-01-30,14.0,11.6,9.2,13.0,15.4,2.7375,251.3725,2.0
2010-02-04,23.200000000000003,42.4,29.2,33.6,31.400000000000002,7.1375,251.47,2.48
2010-02-09,4.6000000000000005,0.0,2.4000000000000004,3.6,0.2,3.4375,251.655,4.1
2010-02-14,0.6,0.2,0.2,0.0,1.4,7.05,251.4975,4.1
2010-02-19,34.8,44.599999999999994,27.200000000000003,29.200000000000003,40.199999999999996,8.275,251.9975,10.495000000000001
2010-02-24,27.0,20.2,18.0,15.0,25.799999999999997,10.8625,252.1275,11.98
2010-03-01,27.200000000000003,34.4,37.199999999999996,27.2,39.0,9.45,252.125,9.725
2010-03-06,0.0,1.4,0.0,0.0,0.6,2.8999999999999995,252.08749999999998,6.299999999999999
2010-03-11,1.2,2.0,5.0,0.4,6.800000000000001,5.725,252.01999999999998,3.25
2010-03-16,0.0,0.0,0.0,0.0,0.0,9.6125,252.015,3.075
2010-03-21,3.1999999999999997,9.8,5.8,2.8000000000000003,5.4,13.8375,251.99,2.8
2010-03-26,2.6,1.4000000000000001,0.4,0.0,5.800000000000001,13.087499999999999,251.92999999999998,2.8
2010-03-31,17.8,18.799999999999997,20.0,12.2,14.600000000000001,11.125,251.85250000000002,2.8
2010-04-05,39.6,39.0,34.2,31.6,43.6,13.049999999999999,252.09250000000003,7.2
2010-04-10,1.0,3.0,4.6000000000000005,3.6,9.0,11.45,251.9325,4.7
2010-04-15,1.4,0.8,2.2,0.8,6.0,13.112499999999999,251.7725,2.8
2010-04-20,2.8,1.4,1.2,0.6,3.0,14.725,251.68249999999998,2.0
2010-04-25,0.0,0.0,0.0,0.0,0.0,18.987499999999997,251.6675,1.9224999999999999
2010-04-30,28.599999999999998,35.2,25.4,26.200000000000003,39.6,16.6375,251.65,1.825
2010-05-05,22.0,32.6,28.0,23.0,48.199999999999996,13.100000000000001,252.0525,8.65
2010-05-10,20.6,27.4,29.8,20.2,26.8,16.025,251.95499999999998,5.6475
2010-05-15,12.6,22.0,25.0,4.0,16.4,14.862499999999999,251.98250000000002,5.6
2010-05-20,0.0,0.0,0.0,0.0,13.6,18.2625,251.83999999999997,3.6125
2010-05-25,0.0,0.0,0.0,0.0,0.0,18.6125,251.73000000000002,2.0949999999999998
2010-05-30,0.6000000000000001,1.6,1.2000000000000002,0.2,1.0,18.4,251.695,0.8375
2010-06-04,1.2,2.4,3.8,1.8,4.0,21.175,251.73,0.6
2010-06-09,0.0,0.0,0.0,0.0,0.0,23.412499999999998,251.71249999999998,0.6
2010-06-14,15.2,26.0,10.999999999999998,25.4,49.199999999999996,20.275,251.7075,0.6
2010-06-19,9.0,31.0,9.600000000000001,16.4,19.599999999999998,17.0875,251.77,1.215
2010-06-24,12.0,0.0,2.0,10.0,3.8,21.3375,251.7575,0.6
2010-06-29,0.0,0.0,0.0,0.0,0.0,24.8125,251.75,0.6
2010-07-04,0.2,4.2,0.2,0.4,0.8,24.625,251.72,0.6
2010-07-09,0.0,0.0,0.0,0.0,0.0,26.8875,251.67499999999998,0.6
2010-07-14,0.0,0.0,0.0,0.0,0.0,26.424999999999997,251.6175,0.9375
2010-07-19,0.0,0.0,0.0,0.0,0.0,25.8125,251.47500000000002,1.5
2010-07-24,0.0,0.0,0.0,0.0,0.0,22.125,251.325,1.5625
2010-07-29,23.8,18.0,13.6,27.6,40.0,20.6875,251.17749999999998,2.0
2010-08-03,39.199999999999996,31.2,34.8,50.4,55.2,20.8375,251.01250000000002,2.455
2010-08-08,0.0,0.0,0.0,0.0,0.0,22.55,250.86,2.5
2010-08-13,50.2,52.0,47.8,49.8,59.8,20.0125,250.68749999999997,2.5
2010-08-18,0.0,0.2,0.0,0.0,0.0,23.275,250.505,2.5
2010-08-23,0.0,0.0,0.0,0.0,0.0,23.9375,250.29,2.5
2010-08-28,2.2,5.4,3.0,0.4,8.4,20.4375,250.055,2.6675
2010-09-02,0.0,0.0,0.0,0.0,0.0,20.85,249.78250000000003,3.0
2010-09-07,23.2,33.8,17.2,25.8,22.2,19.9375,249.515,3.0
2010-09-12,9.6,7.0,15.0,6.6,11.8,19.987499999999997,249.2625,3.0
2010-09-17,19.0,30.2,47.4,48.0,29.200000000000003,19.6,249.04000000000002,3.0
2010-09-22,9.4,7.0,9.0,3.8,10.0,19.225,248.8225,3.0
2010-09-27,0.0,1.5999999999999999,1.0,0.0,3.6,14.975,248.5675,3.0
2010-10-02,33.8,44.2,31.8,51.0,66.0,17.512500000000003,248.3675,3.0
2010-10-07,0.2,0.0,0.0,0.0,0.0,17.075,248.36749999999998,3.0
2010-10-12,1.7999999999999998,1.7999999999999998,1.2,0.0,1.8,14.875,248.1175,2.7
2010-10-17,26.799999999999997,26.6,26.0,27.4,39.2,11.899999999999999,247.94750000000002,2.7
2010-10-22,19.4,30.2,16.8,22.6,29.2,12.850000000000001,247.7225,2.7
2010-10-27,0.0,0.0,0.2,0.2,0.0,11.7875,247.6625,2.7
2010-11-01,50.20000000000001,80.80000000000001,44.2,47.4,63.6,15.3,248.29000000000002,2.7
2010-11-06,44.599999999999994,49.599999999999994,49.199999999999996,45.6,69.0,11.9,248.545,2.7
2010-11-11,29.4,26.2,29.200000000000003,24.2,30.0,12.6625,249.7175,2.7
2010-11-16,36.4,26.0,36.2,21.4,33.2,10.462499999999999,249.7175,5.932500000000001
2010-11-21,37.6,42.8,35.199999999999996,39.800000000000004,35.4,9.6375,250.0575,6.85
2010-11-26,46.0,56.6,47.2,47.2,53.0,5.5875,250.37250000000003,7.174999999999999
2010-12-01,59.4,76.60000000000001,57.79999999999999,63.199999999999996,69.2,5.775,251.5475,7.5
2010-12-06,22.8,93.8,34.8,37.199999999999996,40.2,12.55,252.215,24.325
2010-12-11,0.4,0.0,0.0,0.0,0.0,5.2625,251.97,7.5
2010-12-16,0.4,10.0,10.4,1.2,11.0,-0.7749999999999999,251.65,7.5
2010-12-21,69.19999999999999,105.20000000000002,64.8,85.0,80.0,10.95,251.9425,23.675
2010-12-26,0.4,2.4000000000000004,1.2000000000000002,0.4,0.6000000000000001,3.3375000000000004,252.0775,10.175
2010-12-31,0.4,0.2,0.6000000000000001,0.2,0.6,6.675000000000001,251.7775,7.5
2011-01-05,10.799999999999999,39.6,19.4,17.6,14.399999999999999,8.8,251.42499999999998,7.5
2011-01-10,12.399999999999999,15.600000000000001,12.6,10.399999999999999,18.2,9.3125,251.2625,7.2175
2011-01-15,0.4,0.0,0.0,0.2,0.4,10.200000000000001,251.04500000000002,4.9750000000000005
2011-01-20,1.2,0.4,4.6000000000000005,0.2,0.4,3.1999999999999997,250.9125,2.8
2011-01-25,0.4,0.0,1.4,0.8,0.0,4.475,250.91249999999997,0.6
2011-01-30,17.4,17.0,8.2,19.4,28.599999999999998,6.812499999999999,251.0625,0.6
2011-02-04,0.0,0.0,0.0,0.0,0.0,10.262500000000001,251.20000000000002,0.6
2011-02-09,0.0,0.0,0.0,0.0,1.2,8.0125,251.28750000000002,0.6
2011-02-14,44.2,73.4,49.2,54.800000000000004,55.2,8.862499999999999,251.4725,4.2875
2011-02-19,8.2,9.4,6.8,7.800000000000001,10.600000000000001,8.4625,252.02,8.030000000000001
2011-02-24,7.2,3.0,4.4,7.2,7.8,5.225,251.84,3.5999999999999996
2011-03-01,2.6,2.0,10.0,1.0,2.2,4.8125,251.88,0.6
2011-03-06,0.0,0.0,0.0,0.0,0.2,6.6000000000000005,252.0025,1.6875
2011-03-11,48.0,59.0,50.2,47.400000000000006,52.0,10.175,251.79000000000002,7.6
2011-03-16,27.8,36.8,28.8,46.6,60.0,12.2625,252.215,22.85
2011-03-21,0.0,0.0,0.0,0.0,0.0,12.025,251.90499999999997,7.6
2011-03-26,30.999999999999996,31.8,27.599999999999998,39.6,48.6,12.775000000000002,251.615,7.6
2011-03-31,0.0,0.0,0.0,0.0,0.0,16.150000000000002,251.63,6.6499999999999995
2011-04-05,0.0,0.0,0.0,0.0,0.0,17.474999999999998,251.35000000000002,3.85
2011-04-10,2.2,0.0,1.8,1.4,3.6,16.85,251.2725,2.0
2011-04-15,4.4,4.0,3.8,3.6,4.8,12.7875,251.235,0.6
2011-04-20,1.2,0.6000000000000001,1.0,1.2,1.4,16.2875,251.2575,0.6
2011-04-25,0.4,0.0,0.0,0.0,0.0,16.3125,251.2875,0.6
2011-04-30,5.0,3.4000000000000004,3.8,2.6,4.6000000000000005,16.625,251.29500000000002,0.6
2011-05-05,0.0,0.0,0.0,0.0,0.0,17.125,251.2975,0.6
2011-05-10,0.0,0.0,0.0,0.0,0.0,18.5625,251.255,0.6
2011-05-15,11.0,5.0,14.2,8.0,3.6,16.15,251.22500000000002,0.6
2011-05-20,0.0,0.6,0.0,0.0,0.0,20.9,251.18499999999997,0.6
2011-05-25,0.0,0.4,1.0,0.0,0.0,21.975,251.145,0.6
2011-05-30,2.8,2.0,2.4,2.8,3.2,21.025,251.08499999999998,0.6
2011-06-04,80.80000000000001,101.4,78.6,80.2,97.4,20.8875,251.1,0.6
2011-06-09,3.0,14.8,5.8,1.8,7.2,19.425,251.22750000000002,0.6
2011-06-14,0.0,0.0,0.0,0.0,0.0,21.724999999999998,251.2,0.6
2011-06-19,0.0,1.2,0.4,0.0,0.0,21.849999999999998,251.15,0.6
2011-06-24,0.0,0.0,0.0,0.0,0.0,23.3375,251.09500000000003,0.6
2011-06-29,1.0,6.6,6.6000000000000005,3.8,8.2,23.0875,251.0275,0.6
2011-07-04,0.2,0.8,1.0,2.6,5.8,23.025000000000002,250.96499999999997,0.6
2011-07-09,0.0,0.0,0.0,0.0,0.0,26.8125,250.8975,0.9099999999999999
2011-07-14,0.0,0.0,0.0,0.0,0.0,23.075,250.76500000000001,1.5
2011-07-19,3.4000000000000004,15.0,7.2,8.0,12.2,20.1875,250.63750000000002,1.5
2011-07-24,23.799999999999997,4.4,11.8,9.0,9.2,19.1375,250.48250000000002,1.875
2011-07-29,6.8,6.4,4.6,0.6000000000000001,0.8,21.85,250.3175,2.0
2011-08-03,0.0,0.0,0.0,0.0,0.0,24.175,250.12,2.5
2011-08-08,2.8,4.0,2.8,4.0,7.8,22.4875,249.8875,2.5
2011-08-13,0.0,0.0,0.0,0.0,0.0,23.9125,249.625,3.0
2011-08-18,0.0,0.0,0.0,0.0,0.0,27.924999999999997,249.31,3.3
2011-08-23,0.0,0.0,0.0,0.0,0.0,27.75,248.9725,3.5
2011-08-28,0.0,0.0,0.0,0.0,0.0,22.975,248.6275,3.5
2011-09-02,6.6,7.8,12.8,7.4,16.2,24.0125,248.29500000000002,3.5
2011-09-07,0.0,0.0,0.0,0.0,0.0,22.6375,247.9675,3.5
2011-09-12,0.0,0.0,0.0,0.0,0.0,24.65,247.625,3.5
2011-09-17,13.0,19.799999999999997,20.2,21.8,18.200000000000003,19.25,247.31,3.25
2011-09-22,0.0,0.0,0.0,0.0,0.6,22.275,247.035,3.5
2011-09-27,0.0,0.0,0.0,0.0,0.0,22.799999999999997,246.6725,3.5
2011-10-02,0.0,0.0,0.0,0.0,0.0,22.6125,246.3125,3.5
2011-10-07,11.399999999999999,15.8,9.8,15.4,20.4,14.5875,245.96249999999998,3.5
2011-10-12,0.0,0.0,0.0,0.0,0.0,15.674999999999999,245.54250000000002,3.5
2011-10-17,22.6,17.0,27.4,23.0,17.6,14.075000000000001,245.1725,3.5
2011-10-22,13.6,24.599999999999998,13.799999999999999,16.0,13.799999999999999,11.8875,244.82750000000001,3.25
2011-10-27,0.8,0.0,0.6,0.4,0.4,14.462499999999999,244.69500000000002,2.0
2011-11-01,2.0,6.2,2.4,3.6,2.4,14.0125,244.4925,2.0
2011-11-06,22.2,31.2,1.4,26.8,26.8,14.487499999999999,244.35750000000002,1.4749999999999999
2011-11-11,0.2,0.0,0.0,0.0,0.0,12.475,244.275,1.33
2011-11-16,0.6000000000000001,0.0,0.0,0.0,0.0,9.85,244.1575,1.0
2011-11-21,0.0,0.0,0.4,0.0,0.0,11.312500000000002,244.06,1.0
2011-11-26,0.2,0.0,0.0,0.0,0.0,11.0625,243.95,1.0
2011-12-01,14.600000000000001,13.8,11.8,17.8,21.4,12.0125,243.86,1.0
2011-12-06,1.2,0.4,0.8,0.8,1.8,10.8125,243.895,0.6
2011-12-11,48.199999999999996,52.4,42.0,49.400000000000006,53.0,10.925,243.98499999999999,0.6
2011-12-16,32.400000000000006,36.8,26.0,48.800000000000004,25.0,7.65,244.59,0.6
2011-12-21,6.0,6.0,9.0,5.2,7.0,6.1625,244.78,0.6
2011-12-26,0.2,0.0,0.0,0.0,0.2,8.725,244.7825,0.6
2011-12-31,16.4,13.2,18.6,17.2,17.4,8.1,244.77249999999998,0.6
2012-01-05,2.2,3.6,2.0,1.8,3.2,7.725,244.85750000000002,0.6
2012-01-10,0.2,0.0,0.0,0.0,0.0,8.075,244.86,0.6
2012-01-15,0.2,0.0,0.0,0.0,0.0,4.737500000000001,244.84000000000003,0.6
2012-01-20,0.4,0.0,0.6,0.4,1.0,10.362499999999999,244.805,0.6
2012-01-25,0.0,0.0,0.0,0.0,0.0,6.5,244.7625,0.6
2012-01-30,0.6000000000000001,0.0,0.0,0.0,0.0,0.6249999999999998,244.72500000000002,0.6
2012-02-04,0.0,0.0,0.0,0.0,3.0,-1.4375,244.68499999999997,0.6
2012-02-09,0.0,0.0,0.0,0.0,5.2,1.1125,244.635,0.6
2012-02-14,0.0,0.0,0.0,0.0,0.0,5.6375,244.575,0.6
2012-02-19,9.8,9.4,11.600000000000001,13.0,14.2,7.35,244.625,0.6
2012-02-24,0.2,0.0,1.6,0.0,0.0,10.912499999999998,244.7,0.6
2012-02-29,0.2,0.0,0.0,0.0,0.2,13.100000000000001,244.71,0.6
2012-03-05,21.6,21.2,15.8,19.0,21.4,9.4375,244.76749999999998,0.6
2012-03-10,0.0,0.0,0.0,0.0,0.0,12.75,244.8325,0.6
2012-03-15,0.8,0.2,0.8,0.0,1.2,13.225,244.83,0.45
2012-03-20,0.0,0.0,0.0,0.0,0.0,15.950000000000001,244.85750000000002,0.45
2012-03-25,0.0,0.0,0.0,0.0,0.0,17.6625,244.8375,0.45
2012-03-30,0.2,0.0,0.0,0.0,0.0,15.25,244.8275,0.45
2012-04-04,11.2,0.6,3.0,7.2,16.2,15.150000000000002,244.8025,0.45
2012-04-09,29.0,34.2,25.400000000000002,37.99999999999999,35.6,10.837499999999999,244.8975,0.45
2012-04-14,17.799999999999997,12.200000000000001,18.4,13.8,29.200000000000003,12.512500000000001,245.2525,0.45
2012-04-19,50.800000000000004,42.6,47.8,63.6,62.0,12.124999999999998,245.72,0.45
2012-04-24,13.6,17.8,10.2,20.0,14.600000000000001,15.412500000000001,246.5025,0.45
2012-04-29,8.6,10.8,15.4,8.0,12.0,17.3125,246.7525,0.45
2012-05-04,23.2,28.799999999999997,29.8,24.4,31.4,15.487499999999999,246.87,0.45
2012-05-09,0.0,0.0,0.0,0.0,0.0,20.375,247.09,0.45
2012-05-14,0.4,2.2,2.8,1.4,0.6,14.549999999999999,247.14249999999998,0.45
2012-05-19,27.4,56.00000000000001,66.8,56.6,60.0,15.825,247.28499999999997,0.45
2012-05-24,0.0,0.0,1.6,0.2,0.0,20.424999999999997,247.7125,0.45
2012-05-29,0.0,0.6,0.0,0.0,0.0,19.424999999999997,247.805,0.45
2012-06-03,9.0,7.2,13.0,13.0,15.6,19.375,247.82000000000002,0.45
2012-06-08,5.6000000000000005,9.2,8.2,10.8,26.2,20.775000000000002,247.84,0.45
2012-06-13,0.0,0.0,0.2,0.0,0.0,20.3875,247.85000000000002,0.45
2012-06-18,0.0,0.0,0.0,0.0,0.0,26.175000000000004,247.8075,0.45
2012-06-23,0.0,0.0,0.0,0.0,0.0,23.875,247.765,0.45
2012-06-28,0.0,0.0,0.0,0.0,0.0,26.6375,247.70749999999998,0.45
2012-07-03,0.0,0.0,0.0,0.0,0.0,24.137500000000003,247.65,0.45
2012-07-08,0.0,0.0,0.0,0.0,0.0,25.112499999999997,247.575,0.725
2012-07-13,0.0,0.0,0.0,0.0,0.0,22.85,247.4575,1.0
2012-07-18,0.0,0.0,0.0,0.0,0.0,25.1875,247.325,1.125
2012-07-23,0.0,2.0,1.8,0.4,0.0,23.050000000000004,247.145,1.5
2012-07-28,0.0,0.0,0.0,0.0,0.0,25.85,246.965,1.5
2012-08-02,0.0,0.0,0.0,0.0,0.0,26.525,246.785,1.5
2012-08-07,0.0,0.0,0.0,0.0,0.0,26.5375,246.58249999999998,2.0
2012-08-12,0.0,1.6,0.8,0.0,2.2,25.25,246.33749999999998,2.0
2012-08-17,0.0,0.0,0.0,0.0,0.0,28.762500000000003,246.095,2.5
2012-08-22,0.0,0.0,0.0,0.0,0.0,27.4125,245.8025,2.5
2012-08-27,0.0,0.0,0.0,0.0,0.0,24.525,245.52750000000003,2.5
2012-09-01,0.0,24.0,21.8,24.8,24.0,19.275000000000002,245.285,1.75
2012-09-06,0.0,0.0,0.0,0.0,0.0,23.862499999999997,245.125,1.375
2012-09-11,2.4000000000000004,14.2,1.8,3.4000000000000004,4.4,19.1875,244.8875,2.75
2012-09-16,18.8,5.4,17.2,10.4,21.4,19.7,244.57,2.5
2012-09-21,0.0,0.0,0.0,0.0,0.0,20.15,244.4,2.0
2012-09-26,1.6,13.4,8.2,18.2,15.0,21.049999999999997,244.175,2.0
2012-10-01,6.0,4.8,9.0,3.0,3.6,18.6625,244.0425,1.0
2012-10-06,0.6,0.8,2.0,1.0,2.2,19.275,243.8925,1.375
2012-10-11,9.2,17.200000000000003,18.0,19.8,17.8,18.675,243.7575,1.0
2012-10-16,0.0,0.2,0.4,0.0,0.2,16.700000000000003,243.7,0.7000000000000001
2012-10-21,0.0,0.0,0.0,0.0,0.0,19.549999999999997,243.5725,0.6
2012-10-26,24.599999999999998,90.19999999999999,67.8,100.19999999999999,76.19999999999999,12.174999999999999,243.6875,0.6
2012-10-31,16.4,54.4,39.6,41.400000000000006,38.2,13.3,244.1325,0.6
2012-11-05,5.0,40.0,6.0,10.6,10.2,13.2125,244.88750000000002,0.6
2012-11-10,10.4,40.2,22.4,24.2,22.599999999999998,14.85,245.1375,0.6
2012-11-15,0.0,0.0,0.0,0.0,0.0,11.175,245.39249999999998,0.6
2012-11-20,0.0,0.0,0.0,0.0,0.0,12.1625,245.42,0.6
2012-11-25,63.0,87.2,74.4,70.19999999999999,70.80000000000001,12.724999999999998,245.4975,0.6
2012-11-30,3.6,30.6,16.4,17.6,20.4,8.125,246.9175,0.6
2012-12-05,3.0,1.8,3.0,5.0,8.2,1.5,247.85,0.6
2012-12-10,0.0,0.2,0.0,6.6000000000000005,0.6,3.8125,248.10999999999999,0.6
2012-12-15,23.8,60.0,53.6,71.2,62.8,9.425,249.71750000000003,5.75
2012-12-20,1.2,3.8,8.6,7.2,12.2,5.5,250.0625,5.75
2012-12-25,9.2,12.0,13.600000000000001,13.2,16.2,11.274999999999999,249.89499999999998,3.25
2012-12-30,1.2,12.2,7.2,13.0,15.0,6.85,250.03499999999997,1.375
2013-01-04,0.0,0.0,0.8,0.0,0.6000000000000001,6.612500000000001,250.21,0.7000000000000001
2013-01-09,2.4000000000000004,2.2,7.0,4.0,11.8,8.3125,250.3075,0.6
2013-01-14,11.4,35.400000000000006,28.199999999999996,28.799999999999997,31.4,4.7125,250.7275,5.925
2013-01-19,26.799999999999997,75.6,62.39999999999999,75.19999999999999,76.8,6.5875,251.48000000000002,8.1425
2013-01-24,0.0,0.2,1.2,0.0,0.2,6.012499999999999,252.005,9.245
2013-01-29,0.0,1.0,0.8,0.4,0.4,10.7625,251.7,7.2
2013-02-03,1.7999999999999998,11.6,15.6,4.4,4.4,7.25,251.6475,7.2
2013-02-08,2.4,0.0,19.0,2.0,0.6,4.1875,251.405,7.2
2013-02-13,0.0,29.8,0.2,5.2,6.6,7.0,251.13250000000002,7.2
2013-02-18,4.3999999999999995,6.6,11.0,15.0,6.199999999999999,5.9375,250.93999999999997,5.0
2013-02-23,14.6,20.799999999999997,36.60000000000001,38.2,62.199999999999996,5.0375,251.0275,2.65
2013-02-28,0.0,0.0,0.0,0.0,0.0,9.1875,251.39749999999998,4.25
2013-03-05,19.799999999999997,47.2,49.2,39.4,55.599999999999994,10.6125,251.8,13.1125
2013-03-10,16.400000000000002,32.8,27.0,29.200000000000003,45.6,10.424999999999999,252.1525,22.965
2013-03-15,39.199999999999996,22.799999999999997,59.2,92.0,63.4,7.125,252.145,24.5775
2013-03-20,2.0,2.0,8.0,9.0,13.8,11.100000000000001,252.17499999999998,11.7575
2013-03-25,5.6,11.0,12.2,10.0,18.799999999999997,8.2,252.065,7.0575
2013-03-30,19.4,46.2,36.2,39.0,49.2,11.3875,252.185,19.105
2013-04-04,7.3999999999999995,11.2,15.2,16.2,21.2,12.125,252.0575,9.025
2013-04-09,2.8,5.4,5.2,5.6,9.4,13.975000000000001,251.9075,7.3
2013-04-14,0.0,0.0,0.0,0.0,0.0,18.8625,251.58250000000004,7.3
2013-04-19,11.2,22.8,15.600000000000001,12.4,17.799999999999997,15.3375,251.16499999999996,4.7875
2013-04-24,5.0,20.2,5.8,17.4,17.6,18.912499999999998,251.12,1.0
2013-04-29,9.6,12.2,13.6,11.2,5.6,20.6875,251.33,1.0
2013-05-04,4.6,9.4,17.0,2.4,12.0,18.4875,251.4325,1.125
2013-05-09,3.5999999999999996,10.2,10.600000000000001,6.4,16.0,18.3375,251.4875,1.0
2013-05-14,42.0,58.0,51.4,56.6,62.2,16.925,251.6075,2.175
2013-05-19,1.6,2.6,2.6,3.0,3.4,15.4375,251.985,3.7
2013-05-24,24.599999999999998,35.4,27.0,44.6,43.6,13.150000000000002,251.96749999999997,3.1500000000000004
2013-05-29,18.8,33.4,23.4,37.0,31.4,14.837500000000002,252.03000000000003,3.875
2013-06-03,16.8,20.0,3.8000000000000003,7.2,3.4000000000000004,18.174999999999997,251.92999999999998,4.0
2013-06-08,0.6,4.6,5.0,2.2,4.800000000000001,19.0,251.845,2.0
2013-06-13,0.0,0.0,0.0,0.0,0.0,22.3375,251.79,2.0
2013-06-18,0.0,0.0,0.0,0.0,0.0,24.55,251.70999999999998,1.0
2013-06-23,3.6,8.599999999999998,6.800000000000001,6.8,11.399999999999999,19.8125,251.65,1.0
2013-06-28,0.2,0.2,0.0,0.0,0.2,19.9375,251.615,0.9
2013-07-03,0.0,2.2,4.0,0.2,0.2,23.875,251.555,0.7
2013-07-08,0.8,9.6,9.2,0.4,0.0,24.575,251.4975,0.7000000000000001
2013-07-13,9.2,1.2,5.2,14.799999999999999,2.2,24.362499999999997,251.42749999999998,1.0
2013-07-18,1.8,1.2,5.2,0.2,0.0,24.212500000000002,251.34000000000003,1.0
2013-07-23,0.0,0.0,0.0,0.0,0.0,25.7125,251.2475,1.25
2013-07-28,3.8,5.6,2.8,5.0,5.6,25.375,251.10250000000002,1.5
2013-08-02,0.0,0.0,0.0,0.0,0.0,27.474999999999998,250.93,2.25
2013-08-07,0.0,0.0,4.0,0.2,0.4,26.700000000000003,250.65999999999997,3.0
2013-08-12,0.0,0.0,0.0,0.0,0.0,24.5125,250.355,3.0
2013-08-17,19.8,0.2,30.0,21.6,19.6,23.5625,250.065,3.25
2013-08-22,29.2,44.6,38.4,28.0,22.2,23.412499999999998,249.76500000000001,3.5
2013-08-27,0.2,0.0,0.0,0.2,2.4,22.0875,249.465,3.5
2013-09-01,0.0,0.0,0.0,0.0,0.0,23.387500000000003,249.10500000000002,3.5
2013-09-06,10.6,23.6,18.4,21.2,26.2,23.6,248.78000000000003,3.5
2013-09-11,0.8,10.0,4.8,9.0,5.2,19.6,248.4625,3.5
2013-09-16,0.8,4.6000000000000005,1.4,4.2,5.800000000000001,19.487499999999997,248.175,3.5
2013-09-21,0.0,0.0,0.0,0.0,0.0,20.275,247.82,3.375
2013-09-26,43.2,46.2,46.2,66.2,70.6,19.7375,247.495,3.0
2013-10-01,0.0,0.2,0.4,0.0,0.4,18.275,247.38,3.0
2013-10-06,8.0,14.0,9.6,9.0,5.4,17.45,247.3675,3.0
2013-10-11,4.0,5.6,7.4,9.0,6.6,15.35,247.1775,3.0
2013-10-16,6.8,4.2,9.2,4.6,15.0,17.65,246.9525,3.0
2013-10-21,71.0,130.4,81.4,62.6,66.0,18.5375,247.82999999999998,3.75
2013-10-26,0.0,0.0,0.0,0.0,0.0,19.4375,247.75000000000003,6.0
2013-10-31,0.8,6.4,4.6,6.2,6.6,17.2,247.21999999999997,5.25
2013-11-05,3.2,4.2,10.6,6.4,5.2,16.9625,247.0375,1.5
2013-11-10,15.4,42.2,48.39999999999999,13.0,22.6,13.200000000000001,247.17749999999998,1.5
2013-11-15,7.4,11.6,6.4,15.8,20.599999999999998,13.0875,247.41500000000002,1.375
2013-11-20,27.2,62.0,49.6,40.0,55.6,8.8125,247.88750000000002,1.0
2013-11-25,0.0,0.0,1.2,0.0,0.2,6.7875000000000005,248.56250000000003,1.0
2013-11-30,0.2,0.0,0.0,0.0,0.0,8.7125,248.6375,0.6
2013-12-05,0.0,0.0,0.4,0.0,0.2,7.8125,248.6725,0.6
2013-12-10,0.2,0.4,0.4,0.6000000000000001,0.6000000000000001,8.85,248.6875,0.6
2013-12-15,0.0,0.0,0.0,0.0,0.0,10.3,248.7,0.6
2013-12-20,1.6,6.6000000000000005,4.6000000000000005,4.6000000000000005,8.2,10.85,248.7,0.6
2013-12-25,28.8,46.00000000000001,25.599999999999998,19.8,19.4,11.037500000000001,248.8625,0.6
2013-12-30,4.2,27.0,12.4,17.6,24.2,8.9875,249.435,0.6
2014-01-04,22.0,97.0,30.2,33.2,27.6,12.3125,250.665,6.675
2014-01-09,0.0,1.0,2.4,0.6000000000000001,2.8000000000000003,11.774999999999999,250.94750000000002,7.0
2014-01-14,48.8,88.80000000000001,58.599999999999994,80.4,89.0,10.774999999999999,250.935,6.15
2014-01-19,8.0,23.0,10.6,15.2,25.4,12.475,252.15249999999997,15.1525
2014-01-24,6.4,25.599999999999998,28.0,15.8,22.2,7.5,252.025,7.937500000000001
2014-01-29,69.0,139.0,88.6,77.0,98.60000000000001,9.6,252.195,29.9525
2014-02-03,18.799999999999997,37.0,31.599999999999998,19.599999999999998,33.199999999999996,11.0125,252.11999999999998,11.504999999999999
2014-02-08,64.4,114.6,91.2,99.20000000000002,107.8,11.4,252.325,43.075
2014-02-13,3.8,8.399999999999999,2.6,7.0,6.800000000000001,12.8875,252.0675,9.649999999999999
2014-02-18,24.0,28.8,24.8,38.99999999999999,39.8,12.8875,251.9875,8.725000000000001
2014-02-23,15.2,18.4,22.799999999999997,11.4,23.2,10.1,252.03250000000003,8.5475
2014-02-28,9.2,25.2,14.2,16.599999999999998,28.599999999999998,9.2625,252.0375,8.6625
2014-03-05,0.0,4.6,9.2,0.0,0.0,12.8625,252.03250000000003,8.467500000000001
2014-03-10,0.0,0.0,0.0,0.0,0.0,13.412500000000001,251.7225,7.2
2014-03-15,0.0,0.0,0.2,0.0,0.4,14.1875,251.27,7.1
2014-03-20,26.2,40.0,24.400000000000002,39.8,40.199999999999996,15.250000000000002,250.89249999999998,7.0
2014-03-25,1.2,6.6000000000000005,16.0,1.0,2.2,11.950000000000001,250.805,7.0
2014-03-30,0.0,0.0,0.0,2.2,0.0,15.2625,250.38750000000002,6.725
2014-04-04,6.8,23.4,19.0,14.4,18.599999999999998,16.6875,250.105,2.4
2014-04-09,0.0,0.0,0.2,0.0,0.0,16.475,249.97500000000002,2.75
2014-04-14,0.0,0.6,0.4,0.0,0.2,11.425,249.91750000000002,0.7000000000000001
2014-04-19,7.199999999999999,16.0,8.0,10.399999999999999,16.4,12.225,249.97,0.6
2014-04-24,3.0,7.4,0.4,7.6000000000000005,5.2,15.200000000000001,249.995,0.6
2014-04-29,18.4,25.200000000000003,24.400000000000002,21.2,18.2,12.899999999999999,250.055,0.6
2014-05-04,4.2,5.8,6.6,3.0,2.0,13.625,250.27749999999997,0.6
2014-05-09,0.0,0.6,0.0,0.0,0.0,15.950000000000001,250.2725,1.65
2014-05-14,0.0,0.0,0.0,0.0,0.0,15.0875,250.23,0.6
2014-05-19,0.0,0.0,0.0,0.0,0.0,17.575,250.2275,0.6
2014-05-24,2.4,0.4,0.0,0.2,1.0,16.337500000000002,250.20749999999998,0.6
2014-05-29,0.4,6.6,1.5999999999999999,0.8,0.2,15.700000000000001,250.18249999999998,0.6
2014-06-03,0.0,4.6,0.0,2.8,0.0,18.7625,250.145,0.6
2014-06-08,0.0,0.0,0.0,0.0,0.0,25.162499999999998,250.09500000000003,0.6
2014-06-13,10.8,24.6,9.4,21.2,32.2,20.2,250.045,0.6
2014-06-18,0.0,0.0,0.0,0.0,0.0,19.225,249.98250000000002,1.05
2014-06-23,14.0,36.800000000000004,37.4,17.200000000000003,12.799999999999999,20.825000000000003,249.9075,1.0
2014-06-28,14.399999999999999,7.6000000000000005,8.4,9.6,17.8,20.637500000000003,249.85500000000002,0.8
2014-07-03,1.2,0.0,0.0,0.0,0.0,22.625,249.795,0.6
2014-07-08,34.2,43.0,31.799999999999997,22.0,25.6,17.2125,249.73250000000002,1.0
2014-07-13,1.0,2.8,0.6,0.4,0.4,21.049999999999997,249.6625,1.0
2014-07-18,29.4,19.2,26.2,14.0,14.2,22.9875,249.55249999999998,0.9
2014-07-23,19.0,12.2,35.4,24.6,23.6,21.7375,249.5075,0.6
2014-07-28,43.2,44.199999999999996,33.599999999999994,51.4,68.2,19.762500000000003,249.5325,0.6
2014-08-02,6.0,1.0,5.6000000000000005,2.4,6.8,21.924999999999997,249.57,0.6
2014-08-07,0.0,0.0,0.0,0.0,0.0,22.425,249.47500000000002,1.375
2014-08-12,20.4,0.6,2.2,3.0,2.8,21.275,249.3225,1.5
2014-08-17,0.0,3.0,0.0,0.0,0.0,19.3875,249.165,1.5
2014-08-22,0.8,0.2,1.6,1.4,1.2,18.724999999999998,249.0175,1.5
2014-08-27,0.0,1.8,0.0,0.0,0.2,22.0375,248.8625,1.5
2014-09-01,15.4,16.599999999999998,23.6,13.2,16.2,17.5875,248.72,1.5
2014-09-06,0.0,0.0,0.6000000000000001,0.0,0.0,21.0375,248.5725,1.5
2014-09-11,27.0,18.799999999999997,16.2,23.8,23.0,17.275,248.525,0.9
2014-09-16,14.399999999999999,39.599999999999994,8.2,22.6,10.4,19.3125,248.44249999999997,1.0
2014-09-21,17.4,0.0,0.0,23.4,12.799999999999999,17.875,249.1225,3.0
2014-09-26,0.4,0.0,0.0,0.0,0.0,17.799999999999997,248.73999999999998,4.25
2014-10-01,4.6,10.0,6.6000000000000005,8.6,7.0,17.825,248.4675,2.0
2014-10-06,0.0,0.0,0.0,0.0,0.0,17.3875,248.2875,2.0
2014-10-11,61.4,66.6,71.6,74.60000000000001,70.4,18.4375,248.2275,2.0
2014-10-16,6.8,15.600000000000001,5.8,8.2,8.2,18.9,248.66750000000002,2.0
2014-10-21,0.8,1.2000000000000002,0.4,0.4,1.4,14.825000000000001,248.62,2.0
2014-10-26,0.0,0.0,0.0,0.0,0.0,11.125,248.4725,2.0
2014-10-31,0.4,0.0,0.0,0.0,0.0,12.5125,248.3175,2.0
2014-11-05,65.80000000000001,80.2,66.4,52.6,52.4,13.6,248.565,2.0
2014-11-10,23.8,28.000000000000004,16.599999999999998,18.2,16.4,13.35,248.875,2.5
2014-11-15,98.19999999999999,84.19999999999999,83.6,100.8,109.8,9.8375,249.26,4.25
2014-11-20,3.2,1.8,1.6,2.2,4.2,9.0625,250.3825,7.0
2014-11-25,29.8,27.4,22.6,27.4,25.4,10.912500000000001,250.13250000000002,7.0
2014-11-30,12.6,14.2,13.399999999999999,13.8,14.4,11.525,249.815,7.0
2014-12-05,3.8,7.3999999999999995,5.0,4.6000000000000005,8.2,8.8,249.6775,7.0
2014-12-10,3.4000000000000004,9.6,3.4,3.2,3.8,6.237500000000001,249.31,4.0
2014-12-15,8.0,16.4,6.6000000000000005,14.0,14.399999999999999,9.399999999999999,249.3325,1.0
2014-12-20,0.2,0.0,0.0,0.0,0.0,9.45,249.455,1.0
2014-12-25,24.599999999999998,8.6,22.2,32.8,23.2,4.05,249.51250000000002,1.0
2014-12-30,0.0,7.4,0.0,0.0,0.0,2.1,249.65999999999997,1.0
2015-01-04,0.0,0.0,0.0,0.0,0.0,7.312500000000001,249.7225,1.0
2015-01-09,0.8,1.7999999999999998,1.4,0.4,1.0,8.8,249.76749999999998,1.0
2015-01-14,6.8,13.8,3.4000000000000004,6.6,8.2,8.9625,249.77,1.0
2015-01-19,5.2,16.4,8.8,9.0,8.8,5.737500000000001,249.79250000000002,0.6
2015-01-24,0.4,0.6,0.8,0.0,0.6,5.2375,249.8575,0.6
2015-01-29,51.2,58.199999999999996,41.0,65.2,57.0,2.3625,250.515,4.275
2015-02-03,36.8,36.8,38.400000000000006,41.400000000000006,39.199999999999996,2.6999999999999997,250.835,6.35
2015-02-08,0.4,0.0,0.2,0.0,0.2,5.1,250.9925,5.175
2015-02-13,4.0,11.4,7.4,6.2,3.8000000000000003,6.925000000000001,250.96,2.5
2015-02-18,9.6,12.8,9.2,10.2,9.4,5.975,251.005,2.5
2015-02-23,1.7999999999999998,7.0,12.0,1.7999999999999998,2.2,7.0125,251.14,2.5
2015-02-28,11.600000000000001,14.2,11.6,8.2,17.4,8.9625,250.965,7.2
2015-03-05,6.0,10.6,15.8,3.8,3.2,5.9,251.01,6.2375
2015-03-10,0.2,0.0,0.8,0.0,0.0,8.3,250.7975,2.5
2015-03-15,28.8,29.8,23.8,24.6,29.2,9.2,250.785,2.5
2015-03-20,1.2,0.8,1.4,0.0,0.0,10.575000000000001,250.84000000000003,2.125
2015-03-25,44.8,70.8,41.599999999999994,44.0,46.0,10.775,251.325,5.6499999999999995
2015-03-30,0.0,0.0,0.0,0.0,0.0,11.975000000000001,251.35750000000002,7.2
2015-04-04,25.2,30.8,28.8,26.0,32.4,6.6625,251.1575,5.4
2015-04-09,0.0,0.0,0.0,0.0,0.0,12.512500000000001,251.095,1.5
2015-04-14,0.2,2.0,0.4,0.4,1.0,14.7375,251.1225,1.5
2015-04-19,0.0,0.0,0.2,0.0,0.0,13.625000000000002,251.1125,1.125
2015-04-24,26.0,37.2,24.2,27.4,29.2,13.6375,251.10250000000002,1.0
2015-04-29,11.799999999999999,9.4,24.599999999999998,8.0,7.2,14.0375,251.3675,1.0
2015-05-04,0.0,0.0,0.0,0.0,0.0,18.799999999999997,251.48250000000002,1.0
2015-05-09,0.0,0.0,0.0,0.0,0.0,18.987499999999997,251.49,1.0
2015-05-14,5.800000000000001,18.799999999999997,6.6,10.2,12.2,16.85,251.46750000000003,1.0
2015-05-19,21.0,28.8,33.2,18.800000000000004,30.799999999999997,13.975,251.4375,0.6
2015-05-24,11.799999999999999,2.8000000000000003,7.2,38.400000000000006,4.6000000000000005,14.6375,251.5,0.6
2015-05-29,0.0,0.0,0.0,0.0,0.0,17.25,251.5325,0.6
2015-06-03,0.0,0.0,0.0,0.0,0.0,22.9875,251.51,0.6
2015-06-08,7.6,0.4,0.2,4.2,23.0,21.849999999999998,251.51,0.6
2015-06-13,3.4,21.4,39.400000000000006,23.2,24.6,20.4,251.505,0.6
2015-06-18,1.2,2.8,0.8,1.6,2.6,18.975,251.5025,0.7
2015-06-23,12.6,6.8,9.6,18.4,17.6,20.349999999999998,251.45,1.0
2015-06-28,0.0,0.0,0.0,0.0,0.0,23.099999999999998,251.35000000000002,0.8
2015-07-03,0.0,0.0,0.0,0.0,0.0,26.537499999999998,251.2775,0.7
2015-07-08,0.0,0.0,0.0,0.0,0.0,24.1,251.17249999999999,1.375
2015-07-13,0.0,0.0,0.0,0.0,0.0,26.1375,250.9875,2.0
2015-07-18,0.0,0.0,0.0,0.0,0.0,26.7875,250.7925,2.0
2015-07-23,24.4,4.2,3.4,4.0,3.4,24.8125,250.5475,3.0
2015-07-28,0.0,0.0,0.0,0.0,0.0,23.5375,250.23499999999999,3.0
2015-08-02,0.0,0.2,0.2,0.2,0.2,25.5625,249.9775,3.0
2015-08-07,8.0,9.0,26.2,20.6,30.799999999999997,26.55,249.6525,3.0
2015-08-12,8.0,0.0,5.0,0.0,0.0,25.6625,249.4575,2.0
2015-08-17,6.8,20.6,21.8,23.0,13.4,19.825,249.2,2.5
2015-08-22,26.2,22.4,27.8,38.199999999999996,40.2,20.5875,248.95999999999998,2.5
2015-08-27,0.0,0.0,0.0,0.0,0.0,24.799999999999997,248.745,2.5
2015-09-01,0.0,0.0,0.8,2.4,1.0,21.6875,248.4775,2.5
2015-09-06,0.0,0.0,0.0,0.0,0.0,19.3125,248.2125,2.5
2015-09-11,6.4,24.2,6.0,8.8,8.799999999999999,18.5875,247.9225,2.5
2015-09-16,4.800000000000001,0.2,8.6,3.2,3.4,21.575000000000003,247.6775,2.5
2015-09-21,10.799999999999999,28.4,11.8,28.2,15.4,15.9625,247.425,2.5
2015-09-26,0.0,0.0,0.0,0.0,0.0,16.025,247.175,2.5
2015-10-01,38.4,33.4,30.6,57.0,40.6,14.725,246.915,2.5
2015-10-06,4.6,4.8,6.6,9.6,9.6,17.4875,246.7525,2.5
2015-10-11,49.4,132.0,74.6,68.0,61.800000000000004,14.425,246.6025,2.5
2015-10-16,16.4,13.6,17.2,20.2,20.8,11.2125,247.19,2.5
2015-10-21,0.0,0.0,0.0,0.0,0.0,12.549999999999999,247.03750000000002,2.5
2015-10-26,75.0,65.2,141.4,42.8,65.0,12.6625,246.91,1.75
2015-10-31,2.0,0.0,0.0,0.0,0.0,12.1,247.39249999999998,1.0
2015-11-05,0.4,0.0,0.0,0.0,0.2,15.537500000000001,247.35250000000002,1.0
2015-11-10,0.4,0.4,0.2,0.0,0.4,11.925,247.295,1.0
2015-11-15,0.0,0.0,0.0,0.0,0.0,12.2375,247.22750000000002,1.0
2015-11-20,36.0,36.2,31.6,43.800000000000004,47.2,7.325,247.2575,1.0
2015-11-25,0.2,0.6,0.8,0.0,0.2,4.65,247.4075,1.0
2015-11-30,0.2,0.0,0.0,0.0,0.0,9.3625,247.36,1.0
2015-12-05,0.6,0.0,0.4,0.2,0.2,6.7,247.30249999999998,1.0
2015-12-10,4.2,11.6,6.8,4.4,7.0,8.4125,247.2425,0.6
2015-12-15,0.6000000000000001,0.2,0.4,0.6000000000000001,0.6000000000000001,6.0625,247.235,0.6
2015-12-20,3.2,2.8,3.1999999999999997,2.8,6.2,6.875000000000001,247.2,0.6
2015-12-25,1.2000000000000002,0.0,1.2000000000000002,1.8,1.2000000000000002,5.6625,247.165,0.6
2015-12-30,41.4,51.800000000000004,34.6,38.800000000000004,54.0,4.825,247.04,3.0
2016-01-04,23.6,27.599999999999998,21.200000000000003,17.8,25.800000000000004,5.45,247.23,2.4
2016-01-09,10.399999999999999,18.0,14.4,19.2,10.0,11.175,247.6475,0.6
2016-01-14,1.8,2.2,2.0,2.0,2.6,3.6999999999999997,248.4375,0.6
2016-01-19,0.2,0.0,0.0,0.0,0.0,2.4124999999999996,248.8375,0.6
2016-01-24,3.8,1.2,3.2,1.4,6.8,6.862500000000001,248.91,0.6
2016-01-29,8.600000000000001,23.6,10.0,8.0,14.0,10.2,248.9725,0.6
2016-02-03,8.4,15.200000000000001,7.2,6.0,6.4,6.4125,249.2975,0.6
2016-02-08,66.60000000000001,90.4,56.8,71.6,59.0,8.512500000000001,250.2425,2.85
2016-02-13,73.0,72.19999999999999,66.60000000000001,78.2,81.2,7.175000000000001,251.81,13.2225
2016-02-18,0.6,0.8,1.2,1.0,2.8000000000000003,7.699999999999999,252.095,11.385
2016-02-23,36.0,57.0,31.6,32.2,40.8,8.7125,251.875,7.5
2016-02-28,30.6,46.4,32.599999999999994,25.0,24.2,8.049999999999999,252.19,20.28
2016-03-04,43.599999999999994,46.2,34.4,47.800000000000004,46.0,6.725,252.13,15.1925
2016-03-09,0.0,0.6000000000000001,1.2,0.0,0.0,6.95,252.0425,8.5975
2016-03-14,0.0,0.0,0.0,0.0,0.0,8.2625,251.7625,7.5
2016-03-19,3.8,2.0,2.0,1.2000000000000002,5.4,10.175,251.32999999999998,7.5
2016-03-24,3.2,7.2,3.8000000000000003,2.4,4.8,9.7125,250.96500000000003,3.375
2016-03-29,0.0,0.0,0.0,0.0,0.0,13.950000000000001,250.8625,0.9
2016-04-03,0.4,0.0,0.0,0.0,0.0,16.65,250.9225,0.6
2016-04-08,1.0,0.0,1.4,1.0,1.0,12.250000000000002,250.95,0.6
2016-04-13,0.2,0.6,0.0,0.0,2.2,14.137500000000001,250.95,0.6
2016-04-18,0.2,0.2,0.0,0.0,0.4,15.325,250.95,0.6
2016-04-23,11.399999999999999,21.0,15.799999999999999,10.6,12.4,9.4125,250.95,0.6
2016-04-28,20.0,27.799999999999997,26.0,14.2,20.4,12.5875,250.9325,0.6
2016-05-03,1.0,11.2,1.4,0.2,0.8,15.4,250.9625,0.6
2016-05-08,28.799999999999997,44.4,32.2,20.2,21.799999999999997,15.962499999999999,250.9675,0.6
2016-05-13,12.799999999999999,18.8,10.600000000000001,7.8,23.2,14.2625,251.31750000000002,0.6
2016-05-18,17.6,17.2,12.4,20.0,19.6,14.55,251.5575,0.6
2016-05-23,0.4,0.2,0.2,0.0,0.2,14.5625,251.60500000000002,1.5
2016-05-28,8.999999999999998,14.2,10.600000000000001,16.8,12.600000000000001,17.5625,251.595,1.5
2016-06-02,4.199999999999999,8.4,3.8,1.6,46.0,16.2875,251.51,1.5
2016-06-07,13.599999999999998,8.0,20.4,25.4,23.6,18.4375,251.445,1.0
2016-06-12,2.0,8.6,1.4,1.7999999999999998,3.0,18.15,251.45749999999998,1.0
2016-06-17,0.0,1.2000000000000002,0.4,0.0,0.2,17.375,251.4075,1.0
2016-06-22,0.0,0.0,0.0,0.0,0.0,25.2,251.3275,1.0
2016-06-27,0.0,0.0,0.0,0.0,0.0,22.174999999999997,251.19249999999997,1.0
2016-07-02,0.0,0.0,0.2,0.0,0.4,23.7,251.08500000000004,1.0
2016-07-07,2.6,0.0,0.0,0.0,0.0,24.650000000000002,251.045,1.0
2016-07-12,4.8,2.4,7.2,0.0,0.8,21.15,250.9375,2.0
2016-07-17,0.0,0.0,0.0,0.0,0.0,22.549999999999997,250.7375,2.0
2016-07-22,8.799999999999999,2.0,16.0,15.0,13.8,24.075,250.5375,2.0
2016-07-27,0.0,0.0,0.0,0.0,0.0,23.925,250.35,2.0
2016-08-01,6.6,1.2,0.8,0.4,3.0,24.7375,250.1525,2.0
2016-08-06,0.0,0.0,0.0,0.0,0.0,22.6375,249.9325,2.0
2016-08-11,0.0,0.0,0.0,0.0,0.0,21.3,249.705,2.0
2016-08-16,0.0,1.0,0.0,0.0,0.0,22.65,249.445,2.0
2016-08-21,0.0,0.0,0.0,0.0,0.0,23.35,249.205,2.5
2016-08-26,1.0,1.0,0.2,1.0,3.4,24.0125,248.89249999999998,3.0
2016-08-31,0.0,0.0,0.0,0.0,0.0,23.925,248.5725,3.0
2016-09-05,1.2,5.8,4.0,0.8,3.6,21.875,248.27750000000003,3.0
2016-09-10,0.4,0.8,0.0,0.0,0.0,24.012500000000003,247.9925,3.0
2016-09-15,91.6,110.2,99.4,93.4,78.0,17.425,247.78,3.0
2016-09-20,0.0,0.0,0.0,0.0,0.0,17.575000000000003,247.57500000000002,3.0
2016-09-25,0.2,0.0,0.0,0.0,0.0,18.4,247.245,3.0
2016-09-30,12.0,15.4,12.4,9.8,12.200000000000001,17.85,246.90749999999997,2.75
2016-10-05,17.799999999999997,12.8,14.2,9.8,16.2,12.2125,246.70000000000002,2.0
2016-10-10,54.6,79.8,59.6,50.4,56.6,9.9,246.4925,2.0
2016-10-15,4.2,8.399999999999999,6.4,0.2,6.2,15.362499999999999,246.50750000000002,2.0
2016-10-20,5.2,14.0,7.2,6.2,4.6000000000000005,11.8875,246.345,2.0
2016-10-25,15.799999999999999,10.399999999999999,6.0,4.6000000000000005,12.6,15.325,246.16,1.2999999999999998
2016-10-30,8.399999999999999,16.599999999999998,8.2,12.8,11.799999999999999,13.6625,246.08249999999998,0.6
2016-11-04,84.80000000000001,83.2,54.400000000000006,107.2,74.6,11.775,246.35000000000002,0.6
2016-11-09,16.599999999999998,21.4,13.0,7.6,16.0,6.9625,246.87,0.6
2016-11-14,31.2,36.800000000000004,35.8,42.199999999999996,40.4,6.125,246.9775,0.6
2016-11-19,4.2,1.2,5.2,2.0,1.0,13.137500000000001,248.15249999999997,0.6
2016-11-24,4.6000000000000005,8.799999999999999,5.800000000000001,9.2,8.0,10.287500000000001,248.5425,0.6
2016-11-29,0.0,0.0,0.0,0.0,0.0,5.1375,248.6175,0.6
2016-12-04,0.4,0.0,0.0,0.0,0.2,8.8,248.63,0.6
2016-12-09,0.2,0.0,0.0,0.0,0.2,7.699999999999999,248.615,0.6
2016-12-14,0.4,0.0,0.0,0.0,0.0,5.3375,248.58499999999998,0.6
2016-12-19,2.4000000000000004,2.8,2.6,2.2,4.6,7.625,248.5425,0.6
2016-12-24,0.6000000000000001,0.0,0.2,0.0,0.2,6.887500000000001,248.525,0.6
2016-12-29,14.6,6.4,7.4,10.2,16.2,5.4375,248.485,0.6
2017-01-03,0.0,0.2,0.0,0.0,0.0,2.5125,248.4875,0.6
2017-01-08,0.6,1.0,0.4,0.4,1.8,-0.2,248.475,0.6
2017-01-13,0.4,1.2,0.6000000000000001,0.0,0.6,0.6124999999999999,248.635,0.6
2017-01-18,0.0,0.0,0.0,0.0,0.0,1.9500000000000002,248.73,0.6
2017-01-23,0.2,0.0,0.0,0.0,0.0,5.862500000000001,248.755,0.6
2017-01-28,6.0,21.0,5.4,3.5999999999999996,11.8,5.6875,248.76,0.6
2017-02-02,80.0,117.2,85.39999999999999,65.2,78.0,9.274999999999999,249.135,0.6
2017-02-07,0.2,0.0,0.0,0.0,0.0,5.9375,251.2625,5.0
2017-02-12,0.2,0.0,0.0,0.0,0.0,9.2875,251.1075,5.0
2017-02-17,0.2,1.4,0.0,0.4,0.8,8.0375,250.7675,5.0
2017-02-22,34.6,29.4,36.0,25.0,34.4,8.6375,250.4975,2.0
2017-02-27,24.799999999999997,26.999999999999996,14.6,17.0,11.0,8.625,250.83249999999998,2.0
2017-03-04,46.2,52.199999999999996,41.2,55.400000000000006,61.2,8.425,251.1525,7.0
2017-03-09,0.8,0.0,0.0,0.0,0.0,10.787499999999998,251.7175,7.0
2017-03-14,0.0,0.0,0.0,0.0,0.0,12.0,251.30749999999998,7.0
2017-03-19,0.8,3.4,1.4,0.6,0.8,13.237499999999999,250.82750000000001,3.8
2017-03-24,0.6,2.8,3.6,0.2,2.4000000000000004,12.3625,250.7625,0.6
2017-03-29,0.0,0.0,0.0,0.0,0.0,15.15,250.7775,0.6
2017-04-03,0.0,4.0,1.4,0.4,2.2,14.3125,250.76,0.6
2017-04-08,0.0,1.4,7.2,0.0,0.2,15.024999999999999,250.74,0.6
2017-04-13,0.0,14.4,10.399999999999999,4.0,4.800000000000001,14.575000000000001,250.72,0.6
2017-04-18,0.4,0.2,0.0,0.0,0.0,8.2375,250.7025,0.6
2017-04-23,24.2,24.799999999999997,23.0,19.2,21.8,12.5875,250.67749999999998,0.6
2017-04-28,5.8,5.0,2.8,6.4,7.0,10.725,250.7425,0.6
2017-05-03,29.0,30.0,21.799999999999997,17.2,22.4,13.2625,250.7575,0.6
2017-05-08,3.4,3.6,2.8,1.6,7.8,13.974999999999998,250.8,0.6
2017-05-13,0.2,4.0,0.0,1.0,0.8,17.162499999999998,250.71,0.6
2017-05-18,0.0,0.4,0.0,0.0,0.8,18.299999999999997,250.645,0.6
2017-05-23,0.0,0.0,0.0,0.0,0.0,18.862499999999997,250.59250000000003,0.6
2017-05-28,0.0,0.0,0.0,0.0,0.0,20.9625,250.5275,0.6
2017-06-02,0.0,0.0,0.0,0.0,0.0,20.025,250.46499999999997,0.6
2017-06-07,0.0,0.0,0.0,0.0,0.0,20.65,250.385,0.6
2017-06-12,2.6,21.4,4.0,0.6000000000000001,5.6,23.35,250.32,0.6
2017-06-17,0.0,0.0,0.0,0.0,0.0,23.787499999999998,250.25,0.6
2017-06-22,0.0,0.0,0.0,0.0,0.0,23.625,250.1575,0.9
2017-06-27,33.199999999999996,59.6,29.2,26.8,13.0,20.8625,250.0575,1.0
2017-07-02,0.0,0.0,0.0,0.0,0.0,22.025000000000002,249.955,1.0
2017-07-07,0.8,0.0,0.0,0.0,0.0,25.3625,249.85000000000002,1.0
2017-07-12,1.6,1.0,0.4,0.4,0.2,23.6875,249.7125,1.25
2017-07-17,0.0,0.0,0.0,0.0,0.0,24.6375,249.5425,1.5
2017-07-22,2.2,15.0,0.0,6.4,4.0,22.3375,249.38000000000002,1.5
2017-07-27,0.0,0.4,0.0,0.0,0.0,25.1125,249.22500000000002,1.5
2017-08-01,0.0,0.0,0.0,0.0,0.0,28.962500000000002,249.04999999999998,1.5
2017-08-06,15.8,8.0,9.8,11.8,10.2,25.975,248.825,2.0
2017-08-11,2.0,0.2,0.2,0.0,0.8,22.799999999999997,248.63,2.0
2017-08-16,0.0,0.0,0.0,0.0,0.0,25.6875,248.3875,2.0
2017-08-21,0.0,0.0,0.0,0.0,0.0,23.2,248.155,2.25
2017-08-26,0.6000000000000001,9.2,1.4,0.6,3.8,26.000000000000004,247.885,2.5
2017-08-31,5.2,3.6,11.0,19.0,5.2,18.7,247.62,2.5
2017-09-05,28.400000000000002,26.599999999999998,22.2,14.6,37.6,19.45,247.3475,2.5
2017-09-10,2.4,4.0,3.2,1.8,3.6000000000000005,18.049999999999997,247.3675,2.0
2017-09-15,21.2,24.6,16.4,11.0,16.0,14.65,247.25,1.5
2017-09-20,4.6,17.6,4.0,5.4,5.0,14.55,247.1575,2.25
2017-09-25,0.0,0.0,0.0,0.0,0.0,17.412499999999998,246.9425,1.0
2017-09-30,0.4,0.0,0.2,0.0,0.8,16.075,246.83249999999998,1.625
2017-10-05,0.4,0.2,3.2,0.0,0.0,14.4875,246.67999999999998,1.0
2017-10-10,0.4,0.0,0.2,0.0,0.0,15.512500000000001,246.5725,1.0
2017-10-15,0.6000000000000001,0.0,0.0,0.0,0.0,15.3125,246.45250000000001,1.0
2017-10-20,2.2,6.2,2.6,5.0,5.2,13.1875,246.35000000000002,1.0
2017-10-25,0.0,0.0,0.0,0.0,0.0,12.6,246.22250000000003,1.0
2017-10-30,1.6,3.8,0.8,1.2,4.4,11.6375,246.10500000000002,1.0
2017-11-04,76.2,88.39999999999999,71.4,66.2,79.6,9.6,246.0975,1.0
2017-11-09,7.4,57.4,87.60000000000001,48.2,56.0,8.2,246.30250000000004,1.0
2017-11-14,0.0,0.2,0.0,0.0,0.0,8.3625,246.8975,0.6
2017-11-19,0.4,0.0,0.0,0.0,0.0,7.387499999999999,246.99,0.6
2017-11-24,12.599999999999998,31.199999999999996,18.4,23.2,18.2,5.750000000000001,246.99,1.0
2017-11-29,4.0,7.6000000000000005,8.0,5.0,3.5999999999999996,2.9250000000000003,247.17000000000002,1.0
2017-12-04,44.2,73.2,28.6,64.0,41.8,5.487500000000001,247.22250000000003,1.0
2017-12-09,60.0,115.0,62.00000000000001,91.2,57.0,8.1875,248.82750000000001,1.0
2017-12-14,8.0,9.8,5.8,5.8,7.0,4.175,250.145,6.625
2017-12-19,0.4,0.0,0.0,0.0,0.0,4.875,249.96,5.325
2017-12-24,61.4,73.2,48.0,60.400000000000006,61.4,6.574999999999999,249.79,2.9775000000000005
2017-12-29,14.200000000000001,18.0,12.0,22.200000000000003,22.4,6.4125000000000005,250.3825,10.7975
2018-01-03,5.3999999999999995,8.6,5.0,3.0,6.6000000000000005,9.3625,250.245,9.89
2018-01-08,9.4,11.399999999999999,10.0,3.2,10.8,7.3375,249.97,7.17
2018-01-13,26.8,18.599999999999998,9.0,27.400000000000002,22.400000000000002,6.575,249.585,5.999999999999999
2018-01-18,12.0,12.399999999999999,7.3999999999999995,8.0,14.799999999999999,6.9750000000000005,249.835,5.574999999999999
2018-01-23,0.2,4.8,0.2,1.0,2.4,8.0875,249.7525,2.6
2018-01-28,31.0,42.199999999999996,14.4,24.4,27.799999999999997,7.687500000000001,249.695,1.525
2018-02-02,21.4,19.4,16.8,14.4,24.0,3.35,250.715,5.55
2018-02-07,0.8,0.2,0.0,0.0,1.0,4.7125,250.93,7.2
2018-02-12,0.2,0.2,0.2,0.0,0.0,2.25,250.69,4.95
2018-02-17,21.8,13.2,20.2,16.2,24.2,2.75,250.85750000000002,2.7
2018-02-22,2.4000000000000004,9.0,4.0,1.2,5.6000000000000005,0.7125000000000004,250.9525,2.7
2018-02-27,65.2,75.6,35.6,59.8,65.6,0.22499999999999987,250.9025,4.95
2018-03-04,20.8,24.200000000000003,14.8,15.4,24.6,6.9,251.42499999999998,13.575000000000001
2018-03-09,54.00000000000001,72.8,33.0,57.400000000000006,66.2,9.162500000000001,251.45,14.4425
2018-03-14,41.2,97.6,39.800000000000004,61.4,61.0,7.9624999999999995,251.63750000000002,18.0375
2018-03-19,0.2,2.0,3.5999999999999996,0.0,0.0,3.8125,251.48499999999999,14.25
2018-03-24,0.0,0.0,0.0,0.0,0.0,9.1375,251.03250000000003,7.5175
2018-03-29,20.0,24.200000000000003,11.399999999999999,30.0,24.0,11.0,250.9775,1.0
2018-04-03,21.8,40.0,28.6,32.0,37.800000000000004,12.8125,251.32500000000002,1.0
2018-04-08,13.4,24.000000000000004,14.200000000000001,5.800000000000001,16.0,11.399999999999999,251.8625,1.425
2018-04-13,0.4,4.0,1.2,0.4,0.4,16.0125,252.0,2.9000000000000004
2018-04-18,0.0,0.0,0.0,0.0,0.0,19.5125,251.98000000000002,1.875
2018-04-23,0.0,0.0,0.0,0.0,0.0,17.15,252.0,1.0
2018-04-28,28.4,23.4,26.4,19.4,23.599999999999998,14.637500000000001,251.9925,1.0
2018-05-03,1.8,1.8,2.0,0.0,3.6,17.950000000000003,251.9925,1.0
2018-05-08,4.4,21.4,8.6,3.0,3.0,17.0375,251.97750000000002,1.0
2018-05-13,3.4,8.0,6.2,1.6,15.8,12.6125,251.98000000000002,0.8
2018-05-18,17.0,13.6,13.4,10.6,23.799999999999997,18.0875,251.99,0.6
2018-05-23,0.2,2.4,0.0,0.0,0.0,20.349999999999998,251.9925,0.6
2018-05-28,9.399999999999999,13.6,9.2,1.2,0.4,19.924999999999997,251.9875,0.6
2018-06-02,0.0,0.4,0.0,0.6,3.8,20.2375,251.95749999999998,0.6
2018-06-07,9.0,6.2,7.6,20.0,17.6,19.8125,251.92249999999999,0.6
2018-06-12,16.4,20.0,8.2,5.8,25.0,19.5375,251.9125,0.6
2018-06-17,0.6,0.0,0.0,0.0,0.0,23.0625,251.8925,0.6
2018-06-22,0.2,0.0,0.8,0.0,0.0,18.6375,251.825,0.6
2018-06-27,0.0,0.0,0.0,0.0,0.0,21.862500000000004,251.7575,0.6
2018-07-02,10.2,14.0,14.4,15.6,3.2,23.1625,251.67749999999998,0.6
2018-07-07,0.0,0.2,0.0,0.0,0.0,23.475,251.625,0.6
2018-07-12,13.2,22.2,18.4,39.0,9.6,23.299999999999997,251.54749999999999,1.0
2018-07-17,0.0,1.4,0.0,0.0,0.0,23.525,251.46000000000004,1.0
2018-07-22,16.6,31.0,50.6,39.800000000000004,32.0,23.050000000000004,251.39249999999998,1.0
2018-07-27,0.0,0.0,0.0,0.0,0.0,25.775,251.35000000000002,1.25
2018-08-01,4.4,3.0,0.8,0.6,16.8,27.5,251.1675,2.5
2018-08-06,4.0,0.4,0.4,7.8,34.8,25.025,250.89999999999998,3.0
2018-08-11,8.0,6.199999999999999,10.0,6.800000000000001,19.8,22.599999999999998,250.5925,3.0
2018-08-16,0.0,0.0,0.0,0.0,0.0,24.625,250.29250000000002,3.0
2018-08-21,12.2,2.6,17.6,38.0,24.0,24.075,250.005,3.0
2018-08-26,0.0,0.0,0.0,0.0,0.0,21.424999999999997,249.7275,2.625
2018-08-31,8.8,1.2000000000000002,4.2,1.2,8.799999999999999,19.0,249.425,3.0
2018-09-05,0.2,1.0,0.0,0.0,1.4,21.725,249.11249999999998,3.0
2018-09-10,0.0,0.0,0.0,0.0,0.0,22.5375,248.8,3.0
2018-09-15,3.8000000000000003,27.2,10.399999999999999,0.0,0.0,22.137500000000003,248.5525,3.0
2018-09-20,0.8,2.4,1.4,0.0,0.8,22.0625,248.20250000000001,3.0
2018-09-25,0.0,0.0,0.0,0.0,0.0,18.237499999999997,247.82500000000002,3.0
2018-09-30,14.799999999999999,17.0,23.2,11.399999999999999,19.4,15.087499999999999,247.5075,3.0
2018-10-05,15.0,17.8,12.8,8.4,11.6,16.65,247.235,2.375
2018-10-10,1.0,2.4,1.0,0.0,0.8,18.2125,247.03,2.0
2018-10-15,2.6,3.1999999999999997,4.0,0.0,11.6,18.2625,246.8025,2.0
2018-10-20,0.4,0.2,1.0,0.0,0.4,13.075,246.6025,2.0
2018-10-25,55.6,47.8,49.2,33.2,45.199999999999996,16.487499999999997,246.405,2.0
2018-10-30,31.8,32.8,30.2,14.6,19.2,13.3375,246.3625,0.6
2018-11-04,14.8,18.6,20.8,11.0,15.0,13.274999999999999,246.365,0.6
2018-11-09,2.6000000000000005,1.8,2.6,2.0,6.200000000000001,10.512500000000001,246.34500000000003,0.6
2018-11-14,0.4,0.0,2.2,0.0,0.0,8.424999999999999,246.27,0.6
2018-11-19,16.8,46.4,23.6,12.0,20.4,7.3374999999999995,246.2,0.6
2018-11-24,14.6,11.0,11.200000000000001,8.8,18.4,8.1125,246.3075,0.6
2018-11-29,18.599999999999998,9.8,12.6,13.399999999999999,21.799999999999997,6.237500000000001,246.32500000000002,0.6
2018-12-04,27.4,31.0,25.4,40.2,34.0,8.025,246.35500000000002,0.6
2018-12-09,0.2,0.0,0.0,0.0,0.4,4.5,246.54500000000002,0.6
2018-12-14,8.2,7.2,9.0,7.8,9.399999999999999,1.8625,246.505,0.6
2018-12-19,21.0,31.8,26.6,22.8,24.6,8.1125,246.58249999999998,0.6
2018-12-24,0.6000000000000001,0.2,0.2,0.0,0.0,5.512499999999999,246.8,0.6
2018-12-29,0.4,0.2,0.2,0.4,0.2,6.824999999999999,246.83,0.6
2019-01-03,0.2,0.0,0.0,0.0,0.2,1.9,246.795,0.6
2019-01-08,0.2,0.0,0.0,0.0,0.0,3.2249999999999996,246.745,0.6
2019-01-13,6.4,13.0,6.2,17.0,15.2,7.85,246.695,0.6
2019-01-18,3.8,1.8,1.4,0.0,1.6,2.8,246.9325,0.6
2019-01-23,2.8,13.8,3.0,5.0,4.8,2.625,246.9675,0.6
2019-01-28,58.0,70.2,47.4,55.0,54.2,3.2625,247.0975,0.6
2019-02-02,5.0,7.8,4.8,3.6,6.4,6.7749999999999995,249.5975,0.6
2019-02-07,16.400000000000002,16.8,7.4,27.8,12.6,7.2,250.29999999999998,0.6
2019-02-12,0.2,0.0,0.0,0.0,0.0,10.35,250.54500000000002,1.65
2019-02-17,0.2,0.0,0.0,0.0,0.0,7.4624999999999995,250.505,1.875
2019-02-22,0.0,0.0,0.0,0.0,0.0,8.387500000000001,250.4725,0.6
2019-02-27,0.0,0.0,0.0,0.0,0.0,9.325000000000001,250.475,0.6
2019-03-04,0.0,0.2,0.0,0.0,0.0,11.3625,250.4725,0.6
2019-03-09,17.0,8.6,9.600000000000001,6.6,10.4,7.7875,250.45,0.6
2019-03-14,2.4,4.0,5.4,2.4,2.8000000000000003,11.15,250.4425,0.6
2019-03-19,0.0,0.0,0.0,0.0,0.0,11.325,250.415,0.6
2019-03-24,2.0,6.2,13.2,0.0,0.2,8.9125,250.375,0.6
2019-03-29,0.0,0.0,0.0,0.0,0.0,14.1875,250.33,0.6
2019-04-03,19.599999999999998,23.999999999999996,17.599999999999998,26.2,19.200000000000003,8.725000000000001,250.33,0.6
2019-04-08,11.8,14.6,19.400000000000002,7.0,10.0,11.25,250.33499999999998,0.6
2019-04-13,7.8,7.4,8.2,1.2,10.8,11.325000000000001,250.35,0.6
2019-04-18,8.0,8.4,7.0,2.4,8.8,15.8625,250.35000000000002,0.6
2019-04-23,2.6000000000000005,2.6,1.6,0.0,0.6000000000000001,14.5625,250.375,0.6
2019-04-28,1.2,4.2,1.5999999999999999,0.4,0.6,11.1625,250.435,0.6
2019-05-03,24.4,42.4,31.6,14.0,22.8,9.45,250.48999999999998,0.6
2019-05-08,41.400000000000006,59.2,54.2,24.599999999999998,41.0,12.662500000000001,250.94,0.6
2019-05-13,3.4000000000000004,1.0,1.4,0.0,1.8,11.125,251.3875,0.6
2019-05-18,22.2,41.00000000000001,22.599999999999998,17.6,33.199999999999996,13.4375,251.7125,1.55
2019-05-23,11.8,15.6,9.2,2.8,15.8,15.7875,251.8025,5.5
2019-05-28,3.0,3.2,0.6,0.6,1.2,15.8,251.67749999999998,2.7
2019-06-02,0.0,0.0,0.0,0.0,0.0,18.762500000000003,251.6925,0.7
2019-06-07,0.0,0.0,0.0,0.0,0.0,22.7375,251.69,0.6749999999999999
2019-06-12,0.0,0.0,0.2,0.0,0.0,21.475,251.67749999999998,0.6
2019-06-17,0.0,0.0,0.0,0.0,0.0,22.9125,251.64,0.6
2019-06-22,0.2,0.2,0.2,0.0,0.2,24.5375,251.64499999999998,0.6
2019-06-27,0.0,0.0,0.0,0.0,0.0,26.7125,251.6125,0.6
2019-07-02,0.4,0.0,0.4,0.0,0.0,25.0,251.52,1.5
2019-07-07,1.0,2.8,0.2,0.0,7.6,22.95,251.35500000000002,1.5
2019-07-12,9.2,11.4,7.2,2.6,17.2,20.9875,251.22500000000002,1.5
2019-07-17,0.0,1.2,0.0,0.0,0.0,22.8375,251.07,1.5
2019-07-22,0.0,0.0,0.0,0.0,0.0,28.1875,250.9075,1.875
2019-07-27,13.4,18.2,17.4,9.4,18.6,21.4,250.715,2.0
2019-08-01,0.0,0.0,0.0,0.0,0.2,23.9,250.40249999999997,6.0
2019-08-06,0.0,0.0,0.0,0.0,0.0,25.35,249.965,2.5
2019-08-11,0.0,0.0,0.0,0.0,0.0,24.55,249.7375,2.0
2019-08-16,0.0,0.0,0.0,0.0,0.0,24.2125,249.5125,2.0
2019-08-21,13.2,20.6,2.4,14.4,13.399999999999999,24.9,249.29000000000002,2.375
2019-08-26,0.8,0.0,10.6,0.0,0.2,24.800000000000004,249.07999999999998,2.0
2019-08-31,4.8,1.2,3.0,3.0,0.6,22.312499999999996,248.8825,2.0
2019-09-05,20.0,29.2,19.0,10.0,11.4,17.9875,248.6475,2.0
2019-09-10,0.0,0.0,0.0,0.0,0.0,22.575,248.5,1.25
2019-09-15,0.0,0.2,0.0,0.0,0.0,20.275,248.4125,1.0
2019-09-20,68.8,41.0,38.0,26.400000000000002,62.8,16.875,248.285,0.9
2019-09-25,0.2,0.8,0.4,0.0,0.0,18.2375,248.27499999999998,0.6
2019-09-30,20.8,22.599999999999998,19.0,24.0,26.2,15.6,248.2725,0.6
2019-10-05,6.4,13.0,5.2,6.2,4.6,15.037500000000001,248.18249999999998,1.0
2019-10-10,0.6000000000000001,0.0,0.2,0.0,0.0,16.075,248.09000000000003,1.0
2019-10-15,0.2,3.0,0.2,0.2,0.2,14.9625,248.01749999999998,1.0
2019-10-20,12.6,12.4,11.399999999999999,11.2,13.0,17.725,247.93499999999997,1.0
2019-10-25,6.0,3.6,16.4,16.599999999999998,6.4,16.0625,247.8675,1.0
2019-10-30,52.6,66.6,52.0,69.4,71.0,12.412500000000001,247.7775,1.0
2019-11-04,77.8,80.80000000000001,70.2,72.0,87.2,10.625,248.0625,1.0
2019-11-09,36.0,31.6,28.400000000000002,31.0,35.6,8.850000000000001,248.65750000000003,1.0
2019-11-14,148.2,166.20000000000002,136.0,150.8,147.79999999999998,8.525,249.52249999999998,3.285
2019-11-19,8.2,16.4,7.4,13.600000000000001,13.0,9.4375,250.8775,22.75
2019-11-24,43.800000000000004,31.599999999999998,24.4,38.6,35.6,11.1875,250.17000000000002,9.47
2019-11-29,33.2,68.2,48.400000000000006,51.0,39.800000000000004,8.600000000000001,250.2075,10.965
2019-12-04,4.2,1.6,0.6000000000000001,0.0,2.2,8.100000000000001,250.3225,12.0125
2019-12-09,37.0,40.0,30.2,45.6,50.4,3.4875000000000003,249.9075,7.1
2019-12-14,0.6000000000000001,6.8,0.0,0.8,2.0,11.1875,250.125,7.85
2019-12-19,89.6,94.6,58.2,95.6,79.0,9.649999999999999,250.26500000000001,14.254999999999999
2019-12-24,0.4,0.0,0.0,0.2,0.2,7.725,250.53999999999996,15.2
2019-12-29,0.2,0.0,0.0,0.0,0.0,5.3375,250.00749999999996,7.6425
2020-01-03,0.2,0.0,0.0,0.0,0.4,6.0249999999999995,249.60250000000002,7.2
2020-01-08,0.0,0.0,0.0,0.0,0.0,7.0625,249.21499999999997,2.0
2020-01-13,0.8,1.5999999999999999,0.2,0.6,1.8,5.7625,249.15,1.5
2020-01-18,0.0,0.6,0.4,0.0,0.0,5.8125,249.1525,1.5
2020-01-23,17.2,15.200000000000001,13.6,20.599999999999998,19.799999999999997,6.7625,249.1525,1.5
2020-01-28,20.0,22.4,13.2,14.399999999999999,25.599999999999998,9.537500000000001,249.23250000000002,1.5
2020-02-02,0.8,0.4,0.4,0.0,1.0,9.05,249.6975,1.5
2020-02-07,3.4,15.2,2.4,3.2,3.6,8.0875,249.84,1.5
2020-02-12,15.0,23.4,19.0,27.2,8.2,8.5875,250.07,1.5
2020-02-17,3.0,4.0,3.6,3.0,7.2,8.2625,250.36749999999998,1.5
2020-02-22,8.0,8.2,13.0,7.0,6.4,8.8625,250.42249999999999,1.5
2020-02-27,79.80000000000001,73.2,44.8,69.6,57.8,8.4875,250.58249999999998,1.5
2020-03-03,31.4,34.8,27.0,34.0,35.0,6.4,251.8875,25.692500000000003
2020-03-08,1.7999999999999998,1.8,1.4,2.6,4.8,8.7,251.32999999999998,11.73
2020-03-13,0.0,0.2,0.0,0.0,0.0,10.65,250.9275,5.24
2020-03-18,0.0,0.0,0.0,0.0,0.0,12.7375,250.865,2.0
2020-03-23,6.199999999999999,6.6,9.0,1.0,1.6,3.3375000000000004,250.8425,0.6
2020-03-28,16.2,4.2,4.2,0.8,0.0,7.8875,250.885,0.6
2020-04-02,0.0,0.0,0.0,0.0,0.0,12.075000000000001,250.90249999999997,0.6
2020-04-07,0.0,0.0,0.0,0.0,0.0,15.862499999999999,250.9475,0.6
2020-04-12,0.8,0.2,0.4,1.0,1.4,12.2375,250.945,0.6
2020-04-17,23.0,26.6,21.0,23.200000000000003,26.799999999999997,13.2125,250.94,0.6
2020-04-22,0.0,0.0,0.0,0.0,0.0,13.8375,250.975,0.6
2020-04-27,27.6,32.4,19.6,18.0,27.400000000000002,13.925,250.9875,0.6
2020-05-02,0.0,0.0,0.0,0.0,0.0,15.2625,251.04000000000002,0.6
2020-05-07,6.4,12.4,8.2,13.8,15.2,16.3125,251.1125,0.6
2020-05-12,5.0,3.6,2.2,2.6,7.0,17.05,251.09500000000003,0.6
2020-05-17,26.6,45.0,19.0,23.200000000000003,24.0,17.7875,251.04000000000002,0.6
2020-05-22,0.6,0.0,0.0,0.0,0.2,19.125,251.035,0.6
2020-05-27,17.2,16.599999999999998,19.0,15.2,15.0,14.900000000000002,250.9875,0.6
2020-06-01,8.200000000000001,27.6,8.6,18.6,11.0,17.237499999999997,251.005,0.6
2020-06-06,13.2,2.6000000000000005,13.999999999999998,2.1999999999999997,1.2000000000000002,17.1125,250.985,0.6
2020-06-11,33.0,14.0,15.8,40.4,28.4,17.5625,250.94,0.6
2020-06-16,3.2,1.8,1.0,2.4,8.6,18.125,250.92,0.6
2020-06-21,0.0,0.0,0.0,0.0,0.0,22.4125,250.865,0.6
2020-06-26,0.0,0.0,0.0,0.0,0.0,22.650000000000002,250.83499999999998,0.6
